,year,FIPS,office,state,dem_votes,rep_votes,total_votes,target,win_percentage,win_margin,skew,Population(2010),Land Areami²,Water Areami²,Total Areami²,Latitude,Longitude
5,2020,6001.0,PRESIDENT,CA,617659.0,136309.0,753968.0,0,81.92,31.92,-31.92,1510271,739.017,82.311,821.328,37.64808,-121.9133
11,2020,6003.0,PRESIDENT,CA,476.0,244.0,720.0,0,66.11,16.11,-16.11,1175,738.332,4.848,743.180,38.61761,-119.79899
17,2020,6005.0,PRESIDENT,CA,8153.0,13585.0,21738.0,1,62.49,12.49,12.49,38091,594.583,11.373,605.956,38.44355,-120.65385
23,2020,6007.0,PRESIDENT,CA,50426.0,48730.0,99156.0,0,50.86,0.86,-0.86,220000,1636.464,40.667,1677.131,39.66595,-121.60191
29,2020,6009.0,PRESIDENT,CA,10046.0,16518.0,26564.0,1,62.18,12.18,12.18,45578,1020.012,16.915,1036.927,38.18784,-120.55511
35,2020,6011.0,PRESIDENT,CA,3239.0,4559.0,7798.0,1,58.46,8.46,8.46,21419,1150.731,5.630,1156.361,39.17773,-122.23756
41,2020,6013.0,PRESIDENT,CA,416386.0,152877.0,569263.0,0,73.14,23.14,-23.14,1049025,715.937,87.833,803.770,37.91947,-121.95154
47,2020,6015.0,PRESIDENT,CA,4677.0,6461.0,11138.0,1,58.01,8.01,8.01,28610,1006.373,223.370,1229.743,41.7499,-123.98099
53,2020,6017.0,PRESIDENT,CA,51621.0,61838.0,113459.0,1,54.5,4.5,4.5,181058,1707.883,78.473,1786.356,38.78553,-120.53439
59,2020,6019.0,PRESIDENT,CA,193025.0,164464.0,357489.0,0,53.99,3.99,-3.99,930450,5957.991,53.211,6011.202,36.761,-119.65501
65,2020,6021.0,PRESIDENT,CA,3995.0,7063.0,11058.0,1,63.87,13.87,13.87,28122,1313.947,13.031,1326.978,39.60254,-122.4017
71,2020,6023.0,PRESIDENT,CA,44768.0,21770.0,66538.0,0,67.28,17.28,-17.28,134623,3567.987,484.271,4052.258,40.70667,-123.92581
77,2020,6025.0,PRESIDENT,CA,34678.0,20847.0,55525.0,0,62.45,12.45,-12.45,174528,4176.603,305.116,4481.719,33.04081,-115.35539
83,2020,6027.0,PRESIDENT,CA,4634.0,4620.0,9254.0,0,50.08,0.08,-0.08,18546,10180.879,46.026,10226.905,36.56197,-117.40392
89,2020,6029.0,PRESIDENT,CA,133366.0,164484.0,297850.0,1,55.22,5.22,5.22,839631,8131.916,30.725,8162.641,35.34662,-118.7295
95,2020,6031.0,PRESIDENT,CA,18699.0,24072.0,42771.0,1,56.28,6.28,6.28,152982,1389.420,2.111,1391.531,36.07247,-119.81553
101,2020,6033.0,PRESIDENT,CA,14941.0,13123.0,28064.0,0,53.24,3.24,-3.24,64665,1256.464,72.959,1329.423,39.0948,-122.74675
107,2020,6035.0,PRESIDENT,CA,2799.0,8970.0,11769.0,1,76.22,26.22,26.22,34895,4541.184,178.935,4720.119,40.72108,-120.62993
113,2020,6037.0,PRESIDENT,CA,3028885.0,1145530.0,4174415.0,0,72.56,22.56,-22.56,9818605,4057.884,693.058,4750.942,34.19639,-118.26186
119,2020,6039.0,PRESIDENT,CA,23168.0,29378.0,52546.0,1,55.91,5.91,5.91,150865,2137.069,16.200,2153.269,37.21003,-119.74985
125,2020,6041.0,PRESIDENT,CA,128288.0,24612.0,152900.0,0,83.9,33.9,-33.9,252409,520.306,307.886,828.192,38.05181,-122.74597
131,2020,6043.0,PRESIDENT,CA,4088.0,5950.0,10038.0,1,59.27,9.27,9.27,18251,1448.816,14.004,1462.820,37.57003,-119.91286
137,2020,6045.0,PRESIDENT,CA,28782.0,13267.0,42049.0,0,68.45,18.45,-18.45,87841,3506.343,371.798,3878.141,39.43238,-123.44288
143,2020,6047.0,PRESIDENT,CA,48991.0,39397.0,88388.0,0,55.43,5.43,-5.43,255793,1934.972,43.537,1978.509,37.1948,-120.7228
149,2020,6049.0,PRESIDENT,CA,1150.0,3109.0,4259.0,1,73.0,23.0,23.0,9686,3917.770,285.629,4203.399,41.59291,-120.71837
155,2020,6051.0,PRESIDENT,CA,4013.0,2513.0,6526.0,0,61.49,11.49,-11.49,14202,3048.982,82.894,3131.876,37.91583,-118.87516
161,2020,6053.0,PRESIDENT,CA,113953.0,46299.0,160252.0,0,71.11,21.11,-21.11,415057,3280.595,490.626,3771.221,36.2401,-121.31557
167,2020,6055.0,PRESIDENT,CA,49817.0,20676.0,70493.0,0,70.67,20.67,-20.67,136484,748.362,40.220,788.582,38.50735,-122.32599
173,2020,6057.0,PRESIDENT,CA,36359.0,26779.0,63138.0,0,57.59,7.59,-7.59,98764,957.772,16.029,973.801,39.29519,-120.77344
179,2020,6059.0,PRESIDENT,CA,814009.0,676498.0,1490507.0,0,54.61,4.61,-4.61,3010232,790.568,157.498,948.066,33.67568,-117.7772
185,2020,6061.0,PRESIDENT,CA,106869.0,122488.0,229357.0,1,53.4,3.4,3.4,348432,1407.009,95.447,1502.456,39.06203,-120.72271
191,2020,6063.0,PRESIDENT,CA,4561.0,6445.0,11006.0,1,58.56,8.56,8.56,20007,2553.043,60.385,2613.428,39.99517,-120.82951
197,2020,6065.0,PRESIDENT,CA,528340.0,449144.0,977484.0,0,54.05,4.05,-4.05,2189641,7206.480,96.940,7303.420,33.72982,-116.00223
203,2020,6067.0,PRESIDENT,CA,440808.0,259405.0,700213.0,0,62.95,12.95,-12.95,1418788,964.644,29.374,994.018,38.45001,-121.34044
209,2020,6069.0,PRESIDENT,CA,17628.0,10590.0,28218.0,0,62.47,12.47,-12.47,55269,1388.710,1.759,1390.469,36.6107,-121.08529
215,2020,6071.0,PRESIDENT,CA,455859.0,366257.0,822116.0,0,55.45,5.45,-5.45,2035210,20056.938,47.888,20104.826,34.85722,-116.18119
221,2020,6073.0,PRESIDENT,CA,964650.0,600094.0,1564744.0,0,61.65,11.65,-11.65,3095313,4206.630,319.055,4525.685,33.0236,-116.77611
227,2020,6075.0,PRESIDENT,CA,378156.0,56417.0,434573.0,0,87.02,37.02,-37.02,805235,46.873,185.016,231.889,37.72723,-123.03222
238,2020,6079.0,PRESIDENT,CA,88310.0,67436.0,155746.0,0,56.7,6.7,-6.7,269637,3298.567,316.980,3615.547,35.38522,-120.44754
244,2020,6081.0,PRESIDENT,CA,291496.0,75584.0,367080.0,0,79.41,29.41,-29.41,718451,448.408,292.551,740.959,37.41466,-122.37154
250,2020,6083.0,PRESIDENT,CA,129963.0,65736.0,195699.0,0,66.41,16.41,-16.41,423895,2735.085,1053.993,3789.078,34.53737,-120.03848
256,2020,6085.0,PRESIDENT,CA,617967.0,214612.0,832579.0,0,74.22,24.22,-24.22,1781642,1290.100,13.967,1304.067,37.22077,-121.69062
262,2020,6087.0,PRESIDENT,CA,114246.0,26937.0,141183.0,0,80.92,30.92,-30.92,262382,445.170,161.996,607.166,37.01248,-122.0072
268,2020,6089.0,PRESIDENT,CA,30000.0,60789.0,90789.0,1,66.96,16.96,16.96,177223,3775.402,72.020,3847.422,40.76052,-122.04355
274,2020,6091.0,PRESIDENT,CA,730.0,1142.0,1872.0,1,61.0,11.0,11.0,3240,953.214,8.996,962.210,39.57692,-120.52199
280,2020,6093.0,PRESIDENT,CA,9593.0,13290.0,22883.0,1,58.08,8.08,8.08,44900,6277.887,69.456,6347.343,41.58798,-122.53328
286,2020,6095.0,PRESIDENT,CA,131639.0,69306.0,200945.0,0,65.51,15.51,-15.51,413344,821.765,84.427,906.192,38.26722,-121.93959
292,2020,6097.0,PRESIDENT,CA,199938.0,61825.0,261763.0,0,76.38,26.38,-26.38,483878,1575.849,192.098,1767.947,38.53257,-122.94519
298,2020,6099.0,PRESIDENT,CA,105841.0,104145.0,209986.0,0,50.4,0.4,-0.4,514453,1494.827,19.860,1514.687,37.56238,-121.00265
304,2020,6101.0,PRESIDENT,CA,17367.0,24375.0,41742.0,1,58.39,8.39,8.39,94737,602.410,6.080,608.490,39.03525,-121.70275
310,2020,6103.0,PRESIDENT,CA,8911.0,19141.0,28052.0,1,68.23,18.23,18.23,63463,2949.709,12.462,2962.171,40.12615,-122.23227
316,2020,6105.0,PRESIDENT,CA,2851.0,3188.0,6039.0,1,52.79,2.79,2.79,13786,3179.254,28.343,3207.597,40.64772,-123.1144
322,2020,6107.0,PRESIDENT,CA,66105.0,77579.0,143684.0,1,53.99,3.99,3.99,442179,4824.215,14.437,4838.652,36.23045,-118.78054
328,2020,6109.0,PRESIDENT,CA,11978.0,17689.0,29667.0,1,59.63,9.63,9.63,55365,2220.884,53.546,2274.430,38.02145,-119.9647
334,2020,6111.0,PRESIDENT,CA,251388.0,162207.0,413595.0,0,60.78,10.78,-10.78,823318,1843.133,365.249,2208.382,34.35874,-119.13314
340,2020,6113.0,PRESIDENT,CA,67598.0,27292.0,94890.0,0,71.24,21.24,-21.24,200849,1014.689,8.868,1023.557,38.67926,-121.90317
346,2020,6115.0,PRESIDENT,CA,11230.0,17676.0,28906.0,1,61.15,11.15,11.15,72155,631.839,11.969,643.808,39.27002,-121.34428
352,2020,12001.0,PRESIDENT,FL,89704.0,50972.0,140676.0,0,63.77,13.77,-13.77,247336,875.020,93.788,968.808,29.67574,-82.35722
358,2020,12003.0,PRESIDENT,FL,2037.0,11911.0,13948.0,1,85.4,35.4,35.4,27115,585.231,3.740,588.971,30.32444,-82.30228
364,2020,12005.0,PRESIDENT,FL,25614.0,66097.0,91711.0,1,72.07,22.07,22.07,168852,758.459,274.694,1033.153,30.23756,-85.63134
370,2020,12007.0,PRESIDENT,FL,3160.0,10334.0,13494.0,1,76.58,26.58,26.58,28520,293.962,6.527,300.489,29.94693,-82.16679
376,2020,12009.0,PRESIDENT,FL,148549.0,207883.0,356432.0,1,58.32,8.32,8.32,543376,1015.664,541.331,1556.995,28.29827,-80.70038
382,2020,12011.0,PRESIDENT,FL,618752.0,333409.0,952161.0,0,64.98,14.98,-14.98,1748066,1209.785,113.077,1322.862,26.19352,-80.47665
388,2020,12013.0,PRESIDENT,FL,1209.0,5274.0,6483.0,1,81.35,31.35,31.35,14625,567.334,6.979,574.313,30.3888,-85.19791
394,2020,12015.0,PRESIDENT,FL,42273.0,73243.0,115516.0,1,63.41,13.41,13.41,159978,680.279,178.022,858.301,26.86882,-81.94085
400,2020,12017.0,PRESIDENT,FL,27092.0,65352.0,92444.0,1,70.69,20.69,20.69,141236,581.696,191.598,773.294,28.84362,-82.52479
406,2020,12019.0,PRESIDENT,FL,38317.0,84480.0,122797.0,1,68.8,18.8,18.8,190865,604.360,39.188,643.548,29.98711,-81.85814
412,2020,12021.0,PRESIDENT,FL,77621.0,128950.0,206571.0,1,62.42,12.42,12.42,321520,1998.324,306.691,2305.015,26.11871,-81.40088
418,2020,12023.0,PRESIDENT,FL,8914.0,23836.0,32750.0,1,72.78,22.78,22.78,67531,797.574,3.754,801.328,30.2213,-82.62312
424,2020,12027.0,PRESIDENT,FL,4259.0,8313.0,12572.0,1,66.12,16.12,16.12,34862,637.059,2.423,639.482,27.19058,-81.80625
430,2020,12029.0,PRESIDENT,FL,1365.0,6759.0,8124.0,1,83.2,33.2,33.2,16422,705.053,158.597,863.650,29.58089,-83.19566
436,2020,12031.0,PRESIDENT,FL,252556.0,233762.0,486318.0,0,51.93,1.93,-1.93,864263,762.192,156.260,918.452,30.33524,-81.64811
442,2020,12033.0,PRESIDENT,FL,70929.0,96674.0,167603.0,1,57.68,7.68,7.68,297619,656.461,218.243,874.704,30.61166,-87.33904
448,2020,12035.0,PRESIDENT,FL,28161.0,43043.0,71204.0,1,60.45,10.45,10.45,95696,485.461,85.364,570.825,29.47489,-81.28636
454,2020,12037.0,PRESIDENT,FL,2120.0,4675.0,6795.0,1,68.8,18.8,18.8,11549,534.725,491.769,1026.494,29.81017,-84.79917
460,2020,12039.0,PRESIDENT,FL,16153.0,7465.0,23618.0,0,68.39,18.39,-18.39,46389,516.332,12.196,528.528,30.57917,-84.61278
466,2020,12041.0,PRESIDENT,FL,1700.0,7895.0,9595.0,1,82.28,32.28,32.28,16939,349.677,5.562,355.239,29.72345,-82.7958
472,2020,12043.0,PRESIDENT,FL,1385.0,3782.0,5167.0,1,73.2,23.2,23.2,12884,806.009,180.839,986.848,26.95481,-81.19082
478,2020,12045.0,PRESIDENT,FL,1985.0,6113.0,8098.0,1,75.49,25.49,25.49,15863,564.012,191.549,755.561,29.90725,-85.25653
484,2020,12047.0,PRESIDENT,FL,1963.0,3815.0,5778.0,1,66.03,16.03,16.03,14799,513.790,5.266,519.056,30.4911,-82.95104
490,2020,12049.0,PRESIDENT,FL,2298.0,6122.0,8420.0,1,72.71,22.71,22.71,27731,637.783,0.556,638.339,27.49284,-81.82158
496,2020,12051.0,PRESIDENT,FL,4929.0,7906.0,12835.0,1,61.6,11.6,11.6,39140,1152.750,37.246,1189.996,26.53934,-81.15158
502,2020,12053.0,PRESIDENT,FL,37519.0,70412.0,107931.0,1,65.24,15.24,15.24,172778,472.539,116.483,589.022,28.56791,-82.46483
508,2020,12055.0,PRESIDENT,FL,16938.0,34873.0,51811.0,1,67.31,17.31,17.31,98786,1016.615,89.420,1106.035,27.34262,-81.34092
514,2020,12057.0,PRESIDENT,FL,376367.0,327398.0,703765.0,0,53.48,3.48,-3.48,1229226,1020.214,245.551,1265.765,27.90659,-82.34956
520,2020,12059.0,PRESIDENT,FL,924.0,8080.0,9004.0,1,89.74,39.74,39.74,19927,478.777,10.270,489.047,30.86622,-85.81295
526,2020,12061.0,PRESIDENT,FL,37844.0,58872.0,96716.0,1,60.87,10.87,10.87,138028,502.872,114.134,617.006,27.70063,-80.5748
532,2020,12063.0,PRESIDENT,FL,6766.0,15488.0,22254.0,1,69.6,19.6,19.6,49746,917.760,36.804,954.564,30.78781,-85.21037
538,2020,12065.0,PRESIDENT,FL,3897.0,4479.0,8376.0,1,53.47,3.47,3.47,14761,598.095,38.440,636.535,30.42455,-83.89085
544,2020,12067.0,PRESIDENT,FL,510.0,3128.0,3638.0,1,85.98,35.98,35.98,8870,543.411,4.497,547.908,29.99006,-83.17851
550,2020,12069.0,PRESIDENT,FL,83505.0,125859.0,209364.0,1,60.11,10.11,10.11,297052,938.381,218.583,1156.964,28.76411,-81.71228
556,2020,12071.0,PRESIDENT,FL,157695.0,233247.0,390942.0,1,59.66,9.66,9.66,618754,784.513,427.948,1212.461,26.55213,-81.89225
562,2020,12073.0,PRESIDENT,FL,103517.0,57453.0,160970.0,0,64.31,14.31,-14.31,275487,666.852,34.937,701.789,30.45931,-84.2778
568,2020,12075.0,PRESIDENT,FL,6205.0,16749.0,22954.0,1,72.97,22.97,22.97,40801,1118.206,294.589,1412.795,29.2844,-82.78348
574,2020,12077.0,PRESIDENT,FL,694.0,2846.0,3540.0,1,80.4,30.4,30.4,8365,835.562,7.561,843.123,30.25984,-84.86858
580,2020,12079.0,PRESIDENT,FL,3747.0,5576.0,9323.0,1,59.81,9.81,9.81,19224,695.948,19.735,715.683,30.44722,-83.47043
586,2020,12081.0,PRESIDENT,FL,90166.0,124987.0,215153.0,1,58.09,8.09,8.09,322833,742.931,149.748,892.679,27.48138,-82.36578
592,2020,12083.0,PRESIDENT,FL,74858.0,127826.0,202684.0,1,63.07,13.07,13.07,331298,1584.546,78.064,1662.610,29.2028,-82.0431
598,2020,12085.0,PRESIDENT,FL,36893.0,61168.0,98061.0,1,62.38,12.38,12.38,146318,543.464,209.365,752.829,27.07995,-80.39821
604,2020,12086.0,PRESIDENT,FL,617864.0,532833.0,1150697.0,0,53.69,3.69,-3.69,2496435,1897.716,533.467,2431.183,25.61049,-80.49904
610,2020,12087.0,PRESIDENT,FL,21881.0,25693.0,47574.0,1,54.01,4.01,4.01,73090,983.282,2754.242,3737.524,25.60104,-81.20677
616,2020,12089.0,PRESIDENT,FL,15564.0,42566.0,58130.0,1,73.23,23.23,23.23,73314,648.639,77.282,725.921,30.60592,-81.76492
622,2020,12091.0,PRESIDENT,FL,34248.0,79798.0,114046.0,1,69.97,19.97,19.97,180822,930.247,151.831,1082.078,30.66585,-86.59419
628,2020,12093.0,PRESIDENT,FL,4390.0,11470.0,15860.0,1,72.32,22.32,22.32,39996,768.908,122.999,891.907,27.38559,-80.88738
634,2020,12095.0,PRESIDENT,FL,395014.0,245398.0,640412.0,0,61.68,11.68,-11.68,1145956,903.429,99.831,1003.260,28.51443,-81.32329
640,2020,12097.0,PRESIDENT,FL,97297.0,73480.0,170777.0,0,56.97,6.97,-6.97,268685,1327.453,178.453,1505.906,28.05902,-81.13931
646,2020,12099.0,PRESIDENT,FL,433572.0,334711.0,768283.0,0,56.43,6.43,-6.43,1320134,1969.763,413.246,2383.009,26.64576,-80.44867
652,2020,12101.0,PRESIDENT,FL,119073.0,179621.0,298694.0,1,60.14,10.14,10.14,464697,746.886,121.568,868.454,28.30202,-82.4557
658,2020,12103.0,PRESIDENT,FL,277450.0,276209.0,553659.0,0,50.11,0.11,-0.11,916542,273.799,334.328,608.127,27.90312,-82.73951
664,2020,12105.0,PRESIDENT,FL,145049.0,194586.0,339635.0,1,57.29,7.29,7.29,602095,1797.837,212.714,2010.551,27.95311,-81.69278
670,2020,12107.0,PRESIDENT,FL,10527.0,25514.0,36041.0,1,70.79,20.79,20.79,74364,727.622,99.299,826.921,29.606,-81.74089
676,2020,12109.0,PRESIDENT,FL,63850.0,110946.0,174796.0,1,63.47,13.47,13.47,190039,600.655,220.870,821.525,29.89059,-81.38391
682,2020,12111.0,PRESIDENT,FL,84137.0,86831.0,170968.0,1,50.79,0.79,0.79,277789,571.926,116.181,688.107,27.38077,-80.44336
688,2020,12113.0,PRESIDENT,FL,27612.0,77385.0,104997.0,1,73.7,23.7,23.7,151372,1011.605,162.173,1173.778,30.70363,-87.01425
694,2020,12115.0,PRESIDENT,FL,120110.0,148370.0,268480.0,1,55.26,5.26,5.26,379448,555.868,169.476,725.344,27.18438,-82.36583
700,2020,12117.0,PRESIDENT,FL,132528.0,125241.0,257769.0,0,51.41,1.41,-1.41,422718,309.221,36.073,345.294,28.69007,-81.13198
706,2020,12119.0,PRESIDENT,FL,29341.0,62761.0,92102.0,1,68.14,18.14,18.14,93420,546.933,32.893,579.826,28.71429,-82.07471
712,2020,12121.0,PRESIDENT,FL,4485.0,16410.0,20895.0,1,78.54,28.54,28.54,41551,688.552,3.704,692.256,30.18924,-82.99275
718,2020,12123.0,PRESIDENT,FL,2299.0,7751.0,10050.0,1,77.12,27.12,27.12,22570,1043.305,188.896,1232.201,30.01694,-83.61641
724,2020,12125.0,PRESIDENT,FL,1053.0,5133.0,6186.0,1,82.98,32.98,32.98,15535,243.556,6.197,249.753,30.05428,-82.36691
730,2020,12127.0,PRESIDENT,FL,130575.0,173821.0,304396.0,1,57.1,7.1,7.1,494593,1101.032,331.404,1432.436,29.05761,-81.16181
736,2020,12129.0,PRESIDENT,FL,5351.0,12874.0,18225.0,1,70.64,20.64,20.64,30776,606.419,129.307,735.726,30.14037,-84.37513
742,2020,12131.0,PRESIDENT,FL,10338.0,32947.0,43285.0,1,76.12,26.12,26.12,55043,1037.625,201.970,1239.595,30.63121,-86.17661
748,2020,12133.0,PRESIDENT,FL,2347.0,9876.0,12223.0,1,80.8,30.8,30.8,24896,582.803,33.151,615.954,30.60221,-85.66279
754,2020,17001.0,PRESIDENT,IL,8633.0,24220.0,32853.0,1,73.72,23.72,23.72,67103,855.202,16.136,871.338,39.98605,-91.19496
760,2020,17003.0,PRESIDENT,IL,1114.0,1486.0,2600.0,1,57.15,7.15,7.15,8238,235.509,17.092,252.601,37.18368,-89.3495
766,2020,17005.0,PRESIDENT,IL,2288.0,5625.0,7913.0,1,71.09,21.09,21.09,17768,380.279,2.481,382.760,38.88592,-89.43659
772,2020,17007.0,PRESIDENT,IL,10542.0,13883.0,24425.0,1,56.84,6.84,6.84,54165,280.719,1.305,282.024,42.31898,-88.82429
778,2020,17009.0,PRESIDENT,IL,486.0,1931.0,2417.0,1,79.89,29.89,29.89,6937,305.607,1.598,307.205,39.96206,-90.75031
784,2020,17011.0,PRESIDENT,IL,6669.0,10411.0,17080.0,1,60.95,10.95,10.95,34978,869.031,4.472,873.503,41.4013,-89.52837
790,2020,17013.0,PRESIDENT,IL,677.0,2046.0,2723.0,1,75.14,25.14,25.14,5089,253.825,29.752,283.577,39.16426,-90.66629
796,2020,17015.0,PRESIDENT,IL,2748.0,5105.0,7853.0,1,65.01,15.01,15.01,15387,444.807,21.553,466.360,42.05908,-89.92648
802,2020,17017.0,PRESIDENT,IL,1615.0,3625.0,5240.0,1,69.18,19.18,19.18,13642,375.818,7.947,383.765,39.9692,-90.2457
808,2020,17019.0,PRESIDENT,IL,57067.0,35285.0,92352.0,0,61.79,11.79,-11.79,201081,996.266,2.127,998.393,40.13915,-88.1972
814,2020,17021.0,PRESIDENT,IL,4335.0,11563.0,15898.0,1,72.73,22.73,22.73,34800,709.377,6.263,715.640,39.54552,-89.27959
820,2020,17023.0,PRESIDENT,IL,1993.0,6226.0,8219.0,1,75.75,25.75,25.75,16335,501.418,3.400,504.818,39.33236,-87.79168
826,2020,17025.0,PRESIDENT,IL,1129.0,5629.0,6758.0,1,83.29,33.29,33.29,13815,468.316,1.276,469.592,38.74731,-88.48378
832,2020,17027.0,PRESIDENT,IL,4493.0,14304.0,18797.0,1,76.1,26.1,26.1,37762,474.085,29.186,503.271,38.60642,-89.42313
838,2020,17029.0,PRESIDENT,IL,8067.0,14037.0,22104.0,1,63.5,13.5,13.5,53873,508.291,1.786,510.077,39.51368,-88.22078
844,2020,17031.0,PRESIDENT,IL,1725973.0,558269.0,2284242.0,0,75.56,25.56,-25.56,5194675,945.326,689.533,1634.859,41.89429,-87.64545
850,2020,17033.0,PRESIDENT,IL,2202.0,7043.0,9245.0,1,76.18,26.18,26.18,19817,443.629,2.189,445.818,39.00373,-87.75717
856,2020,17035.0,PRESIDENT,IL,1142.0,4601.0,5743.0,1,80.11,30.11,30.11,11048,346.024,0.979,347.003,39.27312,-88.24061
862,2020,17037.0,PRESIDENT,IL,24643.0,21905.0,46548.0,0,52.94,2.94,-2.94,105160,631.307,3.353,634.660,41.89461,-88.76899
868,2020,17039.0,PRESIDENT,IL,2191.0,5632.0,7823.0,1,71.99,21.99,21.99,16561,397.513,7.571,405.084,40.18149,-88.90185
874,2020,17041.0,PRESIDENT,IL,2335.0,6227.0,8562.0,1,72.73,22.73,22.73,19980,416.665,0.559,417.224,39.76607,-88.22286
880,2020,17043.0,PRESIDENT,IL,281222.0,193611.0,474833.0,0,59.23,9.23,-9.23,916924,327.499,8.913,336.412,41.85205,-88.08603
886,2020,17045.0,PRESIDENT,IL,1887.0,6193.0,8080.0,1,76.65,26.65,26.65,18576,623.374,0.622,623.996,39.67903,-87.74711
892,2020,17047.0,PRESIDENT,IL,488.0,2833.0,3321.0,1,85.31,35.31,35.31,6721,222.416,0.305,222.721,38.41709,-88.04794
898,2020,17049.0,PRESIDENT,IL,3716.0,15006.0,18722.0,1,80.15,30.15,30.15,34242,478.777,1.229,480.006,39.04769,-88.59278
904,2020,17051.0,PRESIDENT,IL,1826.0,8055.0,9881.0,1,81.52,31.52,31.52,22140,716.482,8.861,725.343,39.00112,-89.01792
910,2020,17053.0,PRESIDENT,IL,1754.0,5048.0,6802.0,1,74.21,24.21,24.21,14081,485.616,0.626,486.242,40.59442,-88.22474
916,2020,17055.0,PRESIDENT,IL,4760.0,13622.0,18382.0,1,74.11,24.11,24.11,39561,408.889,22.555,431.444,37.99184,-88.92624
922,2020,17057.0,PRESIDENT,IL,6503.0,9867.0,16370.0,1,60.27,10.27,10.27,37069,865.595,16.979,882.574,40.46568,-90.20679
928,2020,17059.0,PRESIDENT,IL,622.0,2019.0,2641.0,1,76.45,26.45,26.45,5589,323.071,5.111,328.182,37.76867,-88.22796
934,2020,17061.0,PRESIDENT,IL,1349.0,4770.0,6119.0,1,77.95,27.95,27.95,13886,543.019,3.253,546.272,39.35544,-90.38775
940,2020,17063.0,PRESIDENT,IL,9626.0,16523.0,26149.0,1,63.19,13.19,13.19,50063,418.043,12.404,430.447,41.29241,-88.40105
946,2020,17065.0,PRESIDENT,IL,824.0,3432.0,4256.0,1,80.64,30.64,30.64,8457,434.665,1.226,435.891,38.08522,-88.539
952,2020,17067.0,PRESIDENT,IL,2315.0,6906.0,9221.0,1,74.89,24.89,24.89,19104,793.726,20.670,814.396,40.40579,-91.16798
958,2020,17069.0,PRESIDENT,IL,449.0,1691.0,2140.0,1,79.02,29.02,29.02,4320,177.528,4.051,181.579,37.51785,-88.26614
964,2020,17071.0,PRESIDENT,IL,1187.0,2394.0,3581.0,1,66.85,16.85,16.85,7331,378.872,16.348,395.220,40.81514,-90.93848
970,2020,17073.0,PRESIDENT,IL,9797.0,15300.0,25097.0,1,60.96,10.96,10.96,50486,822.985,2.658,825.643,41.35002,-90.13083
976,2020,17075.0,PRESIDENT,IL,2908.0,10877.0,13785.0,1,78.9,28.9,28.9,29718,1117.316,1.611,1118.927,40.74886,-87.8336
982,2020,17077.0,PRESIDENT,IL,11181.0,10890.0,22071.0,0,50.66,0.66,-0.66,60218,584.081,18.298,602.379,37.78609,-89.38121
988,2020,17079.0,PRESIDENT,IL,1007.0,4494.0,5501.0,1,81.69,31.69,31.69,9698,494.510,3.610,498.120,39.00487,-88.15076
994,2020,17081.0,PRESIDENT,IL,4608.0,12476.0,17084.0,1,73.03,23.03,23.03,38827,571.169,12.615,583.784,38.30078,-88.92421
1000,2020,17083.0,PRESIDENT,IL,2961.0,8712.0,11673.0,1,74.63,24.63,24.63,22985,369.271,7.857,377.128,39.08019,-90.36136
1006,2020,17085.0,PRESIDENT,IL,5109.0,7166.0,12275.0,1,58.38,8.38,8.38,22678,601.087,17.641,618.728,42.36239,-90.21147
1012,2020,17087.0,PRESIDENT,IL,1281.0,5059.0,6340.0,1,79.79,29.79,29.79,12582,343.915,4.949,348.864,37.46081,-88.88296
1018,2020,17089.0,PRESIDENT,IL,130166.0,96775.0,226941.0,0,57.36,7.36,-7.36,515269,520.058,4.143,524.201,41.93959,-88.42804
1024,2020,17091.0,PRESIDENT,IL,20271.0,28532.0,48803.0,1,58.46,8.46,8.46,113449,676.556,4.808,681.364,41.13949,-87.86112
1030,2020,17093.0,PRESIDENT,IL,33168.0,29492.0,62660.0,0,52.93,2.93,-2.93,114736,320.335,1.985,322.320,41.58814,-88.43062
1036,2020,17095.0,PRESIDENT,IL,10703.0,12009.0,22712.0,1,52.88,2.88,2.88,52919,716.395,3.417,719.812,40.93094,-90.21376
1042,2020,17097.0,PRESIDENT,IL,204032.0,123594.0,327626.0,0,62.28,12.28,-12.28,703462,443.670,924.809,1368.479,42.32644,-87.43611
1048,2020,17099.0,PRESIDENT,IL,22442.0,30113.0,52555.0,1,57.3,7.3,7.3,113924,1135.124,13.012,1148.136,41.34334,-88.88593
1054,2020,17101.0,PRESIDENT,IL,1419.0,4886.0,6305.0,1,77.49,27.49,27.49,16833,372.178,1.961,374.139,38.71895,-87.73022
1060,2020,17103.0,PRESIDENT,IL,6407.0,9630.0,16037.0,1,60.05,10.05,10.05,36031,724.896,4.057,728.953,41.74744,-89.29935
1066,2020,17105.0,PRESIDENT,IL,4615.0,12208.0,16823.0,1,72.57,22.57,22.57,38950,1044.285,1.642,1045.927,40.89437,-88.55285
1072,2020,17107.0,PRESIDENT,IL,3840.0,9136.0,12976.0,1,70.41,20.41,20.41,30305,618.059,0.868,618.927,40.12907,-89.3653
1078,2020,17109.0,PRESIDENT,IL,4992.0,7027.0,12019.0,1,58.47,8.47,8.47,32612,589.407,0.777,590.184,40.45578,-90.67757
1084,2020,17111.0,PRESIDENT,IL,78154.0,82260.0,160414.0,1,51.28,1.28,1.28,308760,603.171,7.642,610.813,42.32429,-88.45224
1090,2020,17113.0,PRESIDENT,IL,43933.0,40502.0,84435.0,0,52.03,2.03,-2.03,169572,1183.378,2.892,1186.270,40.49455,-88.84453
1096,2020,17115.0,PRESIDENT,IL,19847.0,28589.0,48436.0,1,59.02,9.02,9.02,110768,580.689,5.176,585.865,39.86023,-88.96152
1102,2020,17117.0,PRESIDENT,IL,7365.0,16153.0,23518.0,1,68.68,18.68,18.68,47765,862.906,4.744,867.650,39.2659,-89.92634
1108,2020,17119.0,PRESIDENT,IL,57836.0,76031.0,133867.0,1,56.8,6.8,6.8,269282,715.582,24.980,740.562,38.82708,-89.90019
1114,2020,17121.0,PRESIDENT,IL,4524.0,12678.0,17202.0,1,73.7,23.7,23.7,39437,572.363,3.673,576.036,38.64839,-88.92022
1120,2020,17123.0,PRESIDENT,IL,2005.0,4197.0,6202.0,1,67.67,17.67,17.67,12640,386.789,11.725,398.514,41.03111,-89.34237
1126,2020,17125.0,PRESIDENT,IL,1985.0,4654.0,6639.0,1,70.1,20.1,20.1,14666,539.238,24.226,563.464,40.23699,-89.91357
1132,2020,17127.0,PRESIDENT,IL,1725.0,4997.0,6722.0,1,74.34,24.34,24.34,15429,237.218,4.596,241.814,37.21611,-88.70565
1138,2020,17129.0,PRESIDENT,IL,2022.0,4764.0,6786.0,1,70.2,20.2,20.2,12705,314.437,1.020,315.457,40.02256,-89.79413
1144,2020,17131.0,PRESIDENT,IL,3280.0,5418.0,8698.0,1,62.29,12.29,12.29,16434,561.202,7.492,568.694,41.20479,-90.74143
1150,2020,17133.0,PRESIDENT,IL,6569.0,14142.0,20711.0,1,68.28,18.28,18.28,32957,385.011,13.025,398.036,38.27798,-90.17907
1156,2020,17135.0,PRESIDENT,IL,3905.0,9544.0,13449.0,1,70.96,20.96,20.96,30104,703.687,5.990,709.677,39.22809,-89.478
1162,2020,17137.0,PRESIDENT,IL,5076.0,9950.0,15026.0,1,66.22,16.22,16.22,35547,568.791,3.506,572.297,39.7168,-90.20227
1168,2020,17139.0,PRESIDENT,IL,1662.0,4964.0,6626.0,1,74.92,24.92,24.92,14846,335.943,8.534,344.477,39.63689,-88.62572
1174,2020,17141.0,PRESIDENT,IL,9428.0,16248.0,25676.0,1,63.28,13.28,13.28,53497,758.574,4.411,762.985,42.04188,-89.32017
1180,2020,17143.0,PRESIDENT,IL,43578.0,38252.0,81830.0,0,53.25,3.25,-3.25,186494,619.209,11.390,630.599,40.78599,-89.76735
1186,2020,17145.0,PRESIDENT,IL,2612.0,7313.0,9925.0,1,73.68,23.68,23.68,22350,441.761,5.192,446.953,38.08438,-89.36848
1192,2020,17147.0,PRESIDENT,IL,3329.0,6248.0,9577.0,1,65.24,15.24,15.24,16729,439.202,0.260,439.462,40.00905,-88.59232
1198,2020,17149.0,PRESIDENT,IL,1484.0,6332.0,7816.0,1,81.01,31.01,31.01,16430,831.381,17.503,848.884,39.6251,-90.88903
1204,2020,17151.0,PRESIDENT,IL,433.0,1722.0,2155.0,1,79.91,29.91,29.91,4470,368.770,5.532,374.302,37.41716,-88.54237
1210,2020,17153.0,PRESIDENT,IL,891.0,1699.0,2590.0,1,65.6,15.6,15.6,6161,199.185,4.044,203.229,37.21561,-89.12775
1216,2020,17155.0,PRESIDENT,IL,1338.0,1993.0,3331.0,1,59.83,9.83,9.83,6006,160.161,12.063,172.224,41.19894,-89.29838
1222,2020,17157.0,PRESIDENT,IL,3592.0,11076.0,14668.0,1,75.51,25.51,25.51,33476,575.500,21.705,597.205,38.05651,-89.82121
1228,2020,17159.0,PRESIDENT,IL,1830.0,6089.0,7919.0,1,76.89,26.89,26.89,16233,359.990,1.906,361.896,38.71155,-88.08569
1234,2020,17161.0,PRESIDENT,IL,36691.0,28603.0,65294.0,0,56.19,6.19,-6.19,147546,427.636,23.652,451.288,41.4684,-90.5722
1240,2020,17163.0,PRESIDENT,IL,68325.0,57150.0,125475.0,0,54.45,4.45,-4.45,270056,657.759,16.274,674.033,38.47019,-89.92854
1246,2020,17165.0,PRESIDENT,IL,2789.0,8103.0,10892.0,1,74.39,24.39,24.39,24913,379.819,6.961,386.780,37.75165,-88.54503
1252,2020,17167.0,PRESIDENT,IL,48917.0,53485.0,102402.0,1,52.23,2.23,2.23,197465,868.302,8.717,877.019,39.75637,-89.66231
1258,2020,17169.0,PRESIDENT,IL,1068.0,2773.0,3841.0,1,72.19,22.19,22.19,7544,437.273,4.059,441.332,40.1569,-90.61346
1264,2020,17171.0,PRESIDENT,IL,572.0,2114.0,2686.0,1,78.7,28.7,28.7,5355,250.913,1.858,252.771,39.63698,-90.47775
1270,2020,17173.0,PRESIDENT,IL,2504.0,9426.0,11930.0,1,79.01,29.01,29.01,22363,758.523,9.547,768.070,39.38492,-88.79886
1276,2020,17175.0,PRESIDENT,IL,815.0,2004.0,2819.0,1,71.09,21.09,21.09,5994,288.079,0.274,288.353,41.0969,-89.79741
1282,2020,17177.0,PRESIDENT,IL,9055.0,12521.0,21576.0,1,58.03,8.03,8.03,47711,564.523,0.535,565.058,42.34972,-89.66599
1288,2020,17179.0,PRESIDENT,IL,24819.0,42513.0,67332.0,1,63.14,13.14,13.14,135394,648.974,8.962,657.936,40.50807,-89.51626
1294,2020,17181.0,PRESIDENT,IL,2579.0,6161.0,8740.0,1,70.49,20.49,20.49,17808,413.459,8.689,422.148,37.4751,-89.25287
1300,2020,17183.0,PRESIDENT,IL,10323.0,20725.0,31048.0,1,66.75,16.75,16.75,81625,898.368,2.909,901.277,40.18674,-87.72677
1306,2020,17185.0,PRESIDENT,IL,1253.0,4237.0,5490.0,1,77.18,27.18,27.18,11947,223.252,4.254,227.506,38.44582,-87.83916
1312,2020,17187.0,PRESIDENT,IL,3090.0,4676.0,7766.0,1,60.21,10.21,10.21,17707,542.405,0.646,543.051,40.85044,-90.62022
1318,2020,17189.0,PRESIDENT,IL,1641.0,6115.0,7756.0,1,78.84,28.84,28.84,14716,562.572,1.334,563.906,38.35314,-89.41718
1324,2020,17191.0,PRESIDENT,IL,1187.0,7176.0,8363.0,1,85.81,35.81,35.81,16760,713.814,1.672,715.486,38.43194,-88.43212
1330,2020,17193.0,PRESIDENT,IL,1517.0,5791.0,7308.0,1,79.24,29.24,29.24,14665,494.766,7.095,501.861,38.08737,-88.17858
1336,2020,17195.0,PRESIDENT,IL,12253.0,14527.0,26780.0,1,54.25,4.25,4.25,58498,684.250,12.277,696.527,41.75057,-89.91095
1342,2020,17197.0,PRESIDENT,IL,183915.0,155116.0,339031.0,0,54.25,4.25,-4.25,677560,836.908,12.318,849.226,41.44847,-87.97845
1348,2020,17199.0,PRESIDENT,IL,10206.0,22801.0,33007.0,1,69.08,19.08,19.08,66357,420.149,24.203,444.352,37.73035,-88.93001
1354,2020,17201.0,PRESIDENT,IL,64056.0,60861.0,124917.0,0,51.28,1.28,-1.28,295266,513.362,5.888,519.250,42.33739,-89.1612
1360,2020,17203.0,PRESIDENT,IL,6160.0,14799.0,20959.0,1,70.61,20.61,20.61,38664,527.799,14.843,542.642,40.78959,-89.2103
1366,2020,26001.0,PRESIDENT,MI,2142.0,4848.0,6990.0,1,69.36,19.36,19.36,10942,674.585,1115.997,1790.582,44.68253,-82.83408
1372,2020,26003.0,PRESIDENT,MI,2053.0,3014.0,5067.0,1,59.48,9.48,9.48,9601,915.070,4132.666,5047.736,47.08007,-86.5641
1378,2020,26005.0,PRESIDENT,MI,24449.0,41392.0,65841.0,1,62.87,12.87,12.87,111408,825.231,1008.057,1833.288,42.59578,-86.63474
1384,2020,26007.0,PRESIDENT,MI,6000.0,10686.0,16686.0,1,64.04,14.04,14.04,29598,571.860,1123.062,1694.922,44.89495,-83.42657
1390,2020,26009.0,PRESIDENT,MI,5960.0,9748.0,15708.0,1,62.06,12.06,12.06,23580,475.703,126.067,601.770,45.00545,-85.17562
1396,2020,26011.0,PRESIDENT,MI,2774.0,5928.0,8702.0,1,68.12,18.12,18.12,15899,363.191,317.499,680.690,44.03687,-83.74067
1402,2020,26013.0,PRESIDENT,MI,1478.0,2512.0,3990.0,1,62.96,12.96,12.96,8860,898.257,170.514,1068.771,46.69606,-88.35602
1408,2020,26015.0,PRESIDENT,MI,11797.0,23471.0,35268.0,1,66.55,16.55,16.55,59173,553.092,23.950,577.042,42.58281,-85.31455
1414,2020,26017.0,PRESIDENT,MI,26151.0,33125.0,59276.0,1,55.88,5.88,5.88,107771,442.302,188.415,630.717,43.69971,-83.9787
1420,2020,26019.0,PRESIDENT,MI,5480.0,6601.0,12081.0,1,54.64,4.64,4.64,17525,319.704,539.864,859.568,44.64862,-86.49431
1426,2020,26021.0,PRESIDENT,MI,37438.0,43519.0,80957.0,1,53.76,3.76,3.76,156813,567.747,1013.725,1581.472,41.79263,-86.74182
1432,2020,26023.0,PRESIDENT,MI,6159.0,14064.0,20223.0,1,69.54,19.54,19.54,45248,506.369,13.307,519.676,41.91858,-85.06652
1438,2020,26025.0,PRESIDENT,MI,28877.0,36221.0,65098.0,1,55.64,5.64,5.64,136146,706.233,12.120,718.353,42.24299,-85.01238
1444,2020,26027.0,PRESIDENT,MI,9130.0,16699.0,25829.0,1,64.65,14.65,14.65,52293,490.062,18.255,508.317,41.91624,-85.99945
1450,2020,26029.0,PRESIDENT,MI,6939.0,9841.0,16780.0,1,58.65,8.65,8.65,25949,416.339,974.125,1390.464,45.51316,-85.45039
1456,2020,26031.0,PRESIDENT,MI,5437.0,10186.0,15623.0,1,65.2,15.2,15.2,26152,715.264,170.119,885.383,45.47612,-84.49527
1462,2020,26033.0,PRESIDENT,MI,6648.0,10681.0,17329.0,1,61.64,11.64,11.64,38520,1558.420,1139.970,2698.390,46.32181,-84.52063
1468,2020,26035.0,PRESIDENT,MI,5199.0,10861.0,16060.0,1,67.63,17.63,17.63,30926,564.315,11.024,575.339,43.99113,-84.83832
1474,2020,26037.0,PRESIDENT,MI,21968.0,25098.0,47066.0,1,53.33,3.33,3.33,75382,566.408,8.149,574.557,42.95045,-84.59169
1480,2020,26039.0,PRESIDENT,MI,2672.0,5087.0,7759.0,1,65.56,15.56,15.56,14074,556.280,6.962,563.242,44.6802,-84.61113
1486,2020,26041.0,PRESIDENT,MI,7606.0,13207.0,20813.0,1,63.46,13.46,13.46,37069,1171.096,820.228,1991.324,45.8051,-86.90137
1492,2020,26043.0,PRESIDENT,MI,4744.0,9617.0,14361.0,1,66.97,16.97,16.97,26168,761.400,15.650,777.050,46.01282,-87.86611
1498,2020,26045.0,PRESIDENT,MI,31299.0,31798.0,63097.0,1,50.4,0.4,0.4,107759,575.175,4.258,579.433,42.58961,-84.84652
1504,2020,26047.0,PRESIDENT,MI,9662.0,12135.0,21797.0,1,55.67,5.67,5.67,32694,467.494,414.503,881.997,45.59009,-84.98682
1510,2020,26049.0,PRESIDENT,MI,119390.0,98714.0,218104.0,0,54.74,4.74,-4.74,425790,636.977,12.610,649.587,43.02107,-83.70637
1516,2020,26051.0,PRESIDENT,MI,4524.0,9893.0,14417.0,1,68.62,18.62,18.62,25692,501.779,14.151,515.930,43.98975,-84.38981
1522,2020,26053.0,PRESIDENT,MI,3570.0,4600.0,8170.0,1,56.3,6.3,6.3,16427,1101.849,374.495,1476.344,46.48805,-89.78831
1528,2020,26055.0,PRESIDENT,MI,28683.0,30502.0,59185.0,1,51.54,1.54,1.54,86986,464.331,136.984,601.315,44.71868,-85.55384
1534,2020,26057.0,PRESIDENT,MI,6693.0,12102.0,18795.0,1,64.39,14.39,14.39,42476,568.464,3.147,571.611,43.29232,-84.60469
1540,2020,26059.0,PRESIDENT,MI,5883.0,17037.0,22920.0,1,74.33,24.33,24.33,46688,598.133,8.873,607.006,41.86447,-84.6424
1546,2020,26061.0,PRESIDENT,MI,7750.0,10378.0,18128.0,1,57.25,7.25,7.25,36628,1009.099,492.402,1501.501,46.9983,-88.65206
1552,2020,26063.0,PRESIDENT,MI,5490.0,12731.0,18221.0,1,69.87,19.87,19.87,33118,835.706,1301.096,2136.802,43.90761,-82.85704
1558,2020,26065.0,PRESIDENT,MI,94212.0,47639.0,141851.0,0,66.42,16.42,-16.42,280895,556.120,4.592,560.712,42.60353,-84.37381
1564,2020,26067.0,PRESIDENT,MI,10901.0,20657.0,31558.0,1,65.46,15.46,15.46,63905,571.304,8.742,580.046,42.94465,-85.07376
1570,2020,26069.0,PRESIDENT,MI,5373.0,9759.0,15132.0,1,64.49,14.49,14.49,25887,549.096,1340.961,1890.057,44.32948,-82.84944
1576,2020,26071.0,PRESIDENT,MI,2493.0,4216.0,6709.0,1,62.84,12.84,12.84,11817,1166.149,45.061,1211.210,46.17024,-88.5404
1582,2020,26073.0,PRESIDENT,MI,14072.0,14815.0,28887.0,1,51.29,1.29,1.29,70311,572.677,5.004,577.681,43.64523,-84.83942
1588,2020,26075.0,PRESIDENT,MI,31995.0,47372.0,79367.0,1,59.69,9.69,9.69,160248,701.666,21.830,723.496,42.24847,-84.42086
1594,2020,26077.0,PRESIDENT,MI,83686.0,56823.0,140509.0,0,59.56,9.56,-9.56,250331,561.658,18.639,580.297,42.24626,-85.53285
1600,2020,26079.0,PRESIDENT,MI,3002.0,7436.0,10438.0,1,71.24,21.24,21.24,17153,559.865,10.841,570.706,44.67888,-85.08899
1606,2020,26081.0,PRESIDENT,MI,187915.0,165741.0,353656.0,0,53.13,3.13,-3.13,602622,846.948,24.996,871.944,43.03249,-85.54744
1612,2020,26083.0,PRESIDENT,MI,672.0,862.0,1534.0,1,56.19,6.19,6.19,2156,540.112,5426.078,5966.190,47.68198,-88.1488
1618,2020,26085.0,PRESIDENT,MI,2288.0,3946.0,6234.0,1,63.3,13.3,13.3,11539,567.370,6.910,574.280,43.99518,-85.8114
1624,2020,26087.0,PRESIDENT,MI,16367.0,35482.0,51849.0,1,68.43,18.43,18.43,88319,643.014,19.831,662.845,43.08863,-83.22432
1630,2020,26089.0,PRESIDENT,MI,8795.0,7916.0,16711.0,0,52.63,2.63,-2.63,21708,347.171,2185.021,2532.192,45.14618,-86.05157
1636,2020,26091.0,PRESIDENT,MI,20918.0,31541.0,52459.0,1,60.13,10.13,10.13,99892,749.555,11.854,761.409,41.89591,-84.06685
1642,2020,26093.0,PRESIDENT,MI,48220.0,76982.0,125202.0,1,61.49,11.49,11.49,180967,565.254,20.150,585.404,42.60253,-83.91171
1648,2020,26095.0,PRESIDENT,MI,842.0,2109.0,2951.0,1,71.47,21.47,21.47,6631,899.078,1013.409,1912.487,46.9406,-85.58236
1654,2020,26097.0,PRESIDENT,MI,2632.0,4304.0,6936.0,1,62.05,12.05,12.05,11113,1021.569,1079.075,2100.644,46.16798,-85.30375
1660,2020,26099.0,PRESIDENT,MI,223952.0,263863.0,487815.0,1,54.09,4.09,4.09,840978,479.223,91.627,570.850,42.67146,-82.91086
1666,2020,26101.0,PRESIDENT,MI,6107.0,8321.0,14428.0,1,57.67,7.67,7.67,24733,542.149,738.415,1280.564,44.35038,-86.60296
1672,2020,26103.0,PRESIDENT,MI,20465.0,16286.0,36751.0,0,55.69,5.69,-5.69,67077,1808.401,1616.139,3424.540,46.65659,-87.58402
1678,2020,26105.0,PRESIDENT,MI,6802.0,10207.0,17009.0,1,60.01,10.01,10.01,28705,495.073,747.369,1242.442,43.99663,-86.75081
1684,2020,26107.0,PRESIDENT,MI,7375.0,13267.0,20642.0,1,64.27,14.27,14.27,42798,555.071,16.123,571.194,43.63529,-85.33275
1690,2020,26109.0,PRESIDENT,MI,4316.0,8117.0,12433.0,1,65.29,15.29,15.29,24029,1044.079,294.133,1338.212,45.54417,-87.50989
1696,2020,26111.0,PRESIDENT,MI,20493.0,27675.0,48168.0,1,57.46,7.46,7.46,83629,516.253,11.815,528.068,43.64837,-84.37922
1702,2020,26113.0,PRESIDENT,MI,1967.0,6648.0,8615.0,1,77.17,27.17,27.17,14849,564.726,9.103,573.829,44.32542,-85.08547
1708,2020,26115.0,PRESIDENT,MI,32975.0,52710.0,85685.0,1,61.52,11.52,11.52,152021,549.394,130.625,680.019,41.91609,-83.4871
1714,2020,26117.0,PRESIDENT,MI,9703.0,21815.0,31518.0,1,69.21,19.21,19.21,63342,705.399,15.427,720.826,43.31278,-85.14946
1720,2020,26119.0,PRESIDENT,MI,1628.0,4171.0,5799.0,1,71.93,21.93,21.93,9765,546.663,15.989,562.652,45.02413,-84.1301
1726,2020,26121.0,PRESIDENT,MI,45643.0,45133.0,90776.0,0,50.28,0.28,-0.28,172188,499.246,960.779,1460.025,43.28925,-86.75189
1732,2020,26123.0,PRESIDENT,MI,7873.0,18857.0,26730.0,1,70.55,20.55,20.55,48460,813.204,48.485,861.689,43.5627,-85.79142
1738,2020,26125.0,PRESIDENT,MI,434148.0,325971.0,760119.0,0,57.12,7.12,-7.12,1202362,867.663,39.631,907.294,42.66045,-83.38421
1744,2020,26127.0,PRESIDENT,MI,4944.0,8892.0,13836.0,1,64.27,14.27,14.27,26570,512.071,793.879,1305.950,43.64725,-86.80757
1750,2020,26129.0,PRESIDENT,MI,3475.0,8253.0,11728.0,1,70.37,20.37,20.37,21699,563.488,11.465,574.953,44.33328,-84.12807
1756,2020,26131.0,PRESIDENT,MI,1391.0,2358.0,3749.0,1,62.9,12.9,12.9,6780,1311.225,2429.594,3740.819,47.2166,-89.50046
1762,2020,26133.0,PRESIDENT,MI,3214.0,8928.0,12142.0,1,73.53,23.53,23.53,23528,566.391,6.705,573.096,43.99755,-85.32228
1768,2020,26135.0,PRESIDENT,MI,1342.0,3466.0,4808.0,1,72.09,22.09,22.09,8640,565.731,5.851,571.582,44.68512,-84.12489
1774,2020,26137.0,PRESIDENT,MI,4743.0,9779.0,14522.0,1,67.34,17.34,17.34,24164,514.971,11.218,526.189,45.02179,-84.57659
1780,2020,26139.0,PRESIDENT,MI,64705.0,100913.0,165618.0,1,60.93,10.93,10.93,263801,563.467,1067.942,1631.409,42.94234,-86.65534
1786,2020,26141.0,PRESIDENT,MI,2911.0,5342.0,8253.0,1,64.73,14.73,14.73,13376,658.719,1914.037,2572.756,45.48951,-83.38401
1792,2020,26143.0,PRESIDENT,MI,5166.0,9670.0,14836.0,1,65.18,15.18,15.18,24449,519.636,60.396,580.032,44.33951,-84.61127
1798,2020,26145.0,PRESIDENT,MI,51088.0,50785.0,101873.0,0,50.15,0.15,-0.15,200169,800.114,15.852,815.966,43.32826,-84.05541
1804,2020,26147.0,PRESIDENT,MI,31363.0,59185.0,90548.0,1,65.36,15.36,15.36,163040,721.170,115.336,836.506,42.9288,-82.66891
1810,2020,26149.0,PRESIDENT,MI,9262.0,18127.0,27389.0,1,66.18,16.18,16.18,61295,500.591,20.441,521.032,41.91148,-85.52287
1816,2020,26151.0,PRESIDENT,MI,5966.0,16194.0,22160.0,1,73.08,23.08,23.08,43114,962.566,627.375,1589.941,43.44915,-82.64281
1822,2020,26153.0,PRESIDENT,MI,1589.0,3090.0,4679.0,1,66.04,16.04,16.04,8485,1171.358,712.621,1883.979,46.02075,-86.19935
1828,2020,26155.0,PRESIDENT,MI,15347.0,23149.0,38496.0,1,60.13,10.13,10.13,70648,530.668,10.280,540.948,42.95154,-84.14635
1834,2020,26157.0,PRESIDENT,MI,8712.0,20297.0,29009.0,1,69.97,19.97,19.97,55729,803.127,110.784,913.911,43.4879,-83.43661
1840,2020,26159.0,PRESIDENT,MI,16803.0,21591.0,38394.0,1,56.24,6.24,6.24,76258,607.474,482.423,1089.897,42.28398,-86.30569
1846,2020,26161.0,PRESIDENT,MI,157136.0,56241.0,213377.0,0,73.64,23.64,-23.64,344791,705.965,16.454,722.419,42.25232,-83.84463
1852,2020,26163.0,PRESIDENT,MI,597170.0,264553.0,861723.0,0,69.3,19.3,-19.3,1820584,612.080,60.597,672.677,42.28466,-83.26195
1858,2020,26165.0,PRESIDENT,MI,5838.0,12102.0,17940.0,1,67.46,17.46,17.46,32735,565.002,10.464,575.466,44.33137,-85.57004
1864,2020,48001.0,PRESIDENT,TX,3955.0,15110.0,19065.0,1,79.26,29.26,29.26,58458,1062.602,15.399,1078.001,31.84126,-95.66174
1870,2020,48003.0,PRESIDENT,TX,850.0,4943.0,5793.0,1,85.33,35.33,35.33,14786,1500.713,0.370,1501.083,32.31225,-102.6402
1876,2020,48005.0,PRESIDENT,TX,9143.0,25076.0,34219.0,1,73.28,23.28,23.28,86771,797.778,66.928,864.706,31.25195,-94.61105
1882,2020,48007.0,PRESIDENT,TX,2916.0,9239.0,12155.0,1,76.01,26.01,26.01,23158,252.074,275.917,527.991,28.10422,-96.97798
1888,2020,48009.0,PRESIDENT,TX,446.0,4300.0,4746.0,1,90.6,40.6,40.6,9054,903.110,22.308,925.418,33.6163,-98.68726
1894,2020,48011.0,PRESIDENT,TX,75.0,1035.0,1110.0,1,93.24,43.24,43.24,1901,909.109,4.718,913.827,34.96417,-101.35663
1900,2020,48013.0,PRESIDENT,TX,5876.0,12039.0,17915.0,1,67.2,17.2,17.2,44911,1219.544,1.929,1221.473,28.89429,-98.52818
1906,2020,48015.0,PRESIDENT,TX,2951.0,11447.0,14398.0,1,79.5,29.5,29.5,28417,646.508,9.875,656.383,29.8919,-96.27017
1912,2020,48017.0,PRESIDENT,TX,409.0,1434.0,1843.0,1,77.81,27.81,27.81,7165,826.797,0.684,827.481,34.06752,-102.83034
1918,2020,48019.0,PRESIDENT,TX,2505.0,10057.0,12562.0,1,80.06,30.06,30.06,20485,790.961,6.675,797.636,29.75574,-99.26068
1924,2020,48021.0,PRESIDENT,TX,15474.0,20516.0,35990.0,1,57.0,7.0,7.0,74171,888.150,7.396,895.546,30.10312,-97.31185
1930,2020,48023.0,PRESIDENT,TX,183.0,1494.0,1677.0,1,89.09,39.09,39.09,3726,867.482,33.585,901.067,33.61817,-99.19722
1936,2020,48025.0,PRESIDENT,TX,3288.0,6006.0,9294.0,1,64.62,14.62,14.62,31861,880.239,0.095,880.334,28.41607,-97.74258
1942,2020,48027.0,PRESIDENT,TX,57014.0,67893.0,124907.0,1,54.35,4.35,4.35,310235,1051.016,36.821,1087.837,31.04211,-97.48192
1948,2020,48029.0,PRESIDENT,TX,448452.0,308618.0,757070.0,0,59.24,9.24,-9.24,1714773,1239.820,16.266,1256.086,29.44867,-98.52014
1954,2020,48031.0,PRESIDENT,TX,1911.0,5443.0,7354.0,1,74.01,24.01,24.01,10497,709.251,4.176,713.427,30.2656,-98.39997
1960,2020,48033.0,PRESIDENT,TX,16.0,397.0,413.0,1,96.13,46.13,46.13,641,897.443,8.609,906.052,32.74406,-101.43303
1966,2020,48035.0,PRESIDENT,TX,1561.0,7469.0,9030.0,1,82.71,32.71,32.71,18212,982.978,19.565,1002.543,31.90076,-97.63763
1972,2020,48037.0,PRESIDENT,TX,10747.0,27116.0,37863.0,1,71.62,21.62,21.62,92565,885.006,37.962,922.968,33.44605,-94.42237
1978,2020,48039.0,PRESIDENT,TX,62228.0,90433.0,152661.0,1,59.24,9.24,9.24,313166,1357.701,250.886,1608.587,29.16781,-95.43464
1984,2020,48041.0,PRESIDENT,TX,35349.0,47530.0,82879.0,1,57.35,7.35,7.35,194851,585.445,5.793,591.238,30.65672,-96.30238
1990,2020,48043.0,PRESIDENT,TX,2258.0,2461.0,4719.0,1,52.15,2.15,2.15,9232,6183.733,8.519,6192.252,29.80899,-103.25245
1996,2020,48045.0,PRESIDENT,TX,78.0,639.0,717.0,1,89.12,39.12,39.12,1637,900.001,1.571,901.572,34.52517,-101.20589
2002,2020,48047.0,PRESIDENT,TX,1470.0,998.0,2468.0,0,59.56,9.56,-9.56,7223,943.364,0.286,943.650,27.03499,-98.21527
2008,2020,48049.0,PRESIDENT,TX,2107.0,13698.0,15805.0,1,86.67,36.67,36.67,38106,944.433,12.521,956.954,31.7641,-98.99847
2014,2020,48051.0,PRESIDENT,TX,1788.0,6743.0,8531.0,1,79.04,29.04,29.04,17187,659.026,17.786,676.812,30.49348,-96.62209
2020,2020,48053.0,PRESIDENT,TX,5639.0,18767.0,24406.0,1,76.9,26.9,26.9,42750,994.258,27.004,1021.262,30.78961,-98.20119
2026,2020,48055.0,PRESIDENT,TX,6672.0,8031.0,14703.0,1,54.62,4.62,4.62,38066,545.257,1.905,547.162,29.84042,-97.63109
2032,2020,48057.0,PRESIDENT,TX,2148.0,5641.0,7789.0,1,72.42,22.42,22.42,21381,506.840,525.836,1032.676,28.44536,-96.5833
2038,2020,48059.0,PRESIDENT,TX,734.0,6012.0,6746.0,1,89.12,39.12,39.12,13544,899.372,1.891,901.263,32.29315,-99.37224
2044,2020,48061.0,PRESIDENT,TX,64063.0,49032.0,113095.0,0,56.65,6.65,-6.65,406220,890.922,385.535,1276.457,26.10292,-97.47895
2050,2020,48063.0,PRESIDENT,TX,1394.0,3626.0,5020.0,1,72.23,22.23,22.23,12401,195.826,7.407,203.233,32.97458,-94.97908
2056,2020,48065.0,PRESIDENT,TX,297.0,2779.0,3076.0,1,90.34,40.34,40.34,6182,920.220,3.886,924.106,35.40549,-101.35535
2062,2020,48067.0,PRESIDENT,TX,2795.0,11033.0,13828.0,1,79.79,29.79,29.79,30464,936.963,23.359,960.322,33.08369,-94.35757
2068,2020,48069.0,PRESIDENT,TX,466.0,1602.0,2068.0,1,77.47,27.47,27.47,8062,894.434,4.859,899.293,34.53362,-102.25878
2074,2020,48071.0,PRESIDENT,TX,3997.0,17353.0,21350.0,1,81.28,31.28,31.28,35096,597.137,274.046,871.183,29.70393,-94.66887
2080,2020,48073.0,PRESIDENT,TX,4210.0,15101.0,19311.0,1,78.2,28.2,28.2,50845,1052.913,9.279,1062.192,31.84385,-95.1565
2086,2020,48075.0,PRESIDENT,TX,310.0,1943.0,2253.0,1,86.24,36.24,36.24,7041,696.405,17.311,713.716,34.52933,-100.20833
2092,2020,48077.0,PRESIDENT,TX,614.0,5069.0,5683.0,1,89.2,39.2,39.2,10752,1088.721,28.033,1116.754,33.7859,-98.21291
2098,2020,48079.0,PRESIDENT,TX,177.0,809.0,986.0,1,82.05,32.05,32.05,3127,775.150,0.088,775.238,33.60844,-102.83044
2104,2020,48081.0,PRESIDENT,TX,178.0,1586.0,1764.0,1,89.91,39.91,39.91,3320,911.470,16.521,927.991,31.8771,-100.63523
2110,2020,48083.0,PRESIDENT,TX,451.0,3641.0,4092.0,1,88.98,38.98,38.98,8895,1261.946,19.487,1281.433,31.9142,-99.34662
2116,2020,48085.0,PRESIDENT,TX,230945.0,252318.0,483263.0,1,52.21,2.21,2.21,782341,841.225,44.879,886.104,33.19388,-96.57815
2122,2020,48087.0,PRESIDENT,TX,155.0,1048.0,1203.0,1,87.12,37.12,37.12,3057,918.441,0.880,919.321,34.96335,-100.27213
2128,2020,48089.0,PRESIDENT,TX,2420.0,7472.0,9892.0,1,75.54,25.54,25.54,20874,960.274,13.412,973.686,29.5959,-96.50838
2134,2020,48091.0,PRESIDENT,TX,24826.0,62740.0,87566.0,1,71.65,21.65,21.65,108472,559.476,15.402,574.878,29.80301,-98.2552
2140,2020,48093.0,PRESIDENT,TX,853.0,5177.0,6030.0,1,85.85,35.85,35.85,13974,937.754,9.930,947.684,31.95164,-98.54961
2146,2020,48095.0,PRESIDENT,TX,197.0,1058.0,1255.0,1,84.3,34.3,34.3,4087,983.799,9.894,993.693,31.31886,-99.86364
2152,2020,48097.0,PRESIDENT,TX,3210.0,15596.0,18806.0,1,82.93,32.93,32.93,38437,874.759,23.681,898.440,33.63916,-97.21037
2158,2020,48099.0,PRESIDENT,TX,7565.0,15438.0,23003.0,1,67.11,17.11,17.11,75388,1052.066,4.690,1056.756,31.39117,-97.79802
2164,2020,48101.0,PRESIDENT,TX,113.0,540.0,653.0,1,82.7,32.7,32.7,1505,900.563,1.052,901.615,34.0919,-100.27644
2170,2020,48103.0,PRESIDENT,TX,241.0,1247.0,1488.0,1,83.8,33.8,33.8,4375,785.069,0.655,785.724,31.42279,-102.48777
2176,2020,48105.0,PRESIDENT,TX,344.0,1220.0,1564.0,1,78.01,28.01,28.01,3719,2807.327,0.021,2807.348,30.71753,-101.40421
2182,2020,48107.0,PRESIDENT,TX,527.0,1396.0,1923.0,1,72.59,22.59,22.59,6059,900.198,1.496,901.694,33.60914,-101.29871
2188,2020,48109.0,PRESIDENT,TX,438.0,415.0,853.0,0,51.35,1.35,-1.35,2398,3812.798,0.215,3813.013,31.4459,-104.52694
2194,2020,48111.0,PRESIDENT,TX,197.0,1389.0,1586.0,1,87.58,37.58,37.58,6703,1503.259,2.001,1505.260,36.28637,-102.59402
2200,2020,48113.0,PRESIDENT,TX,598576.0,307076.0,905652.0,0,66.09,16.09,-16.09,2368139,871.279,37.335,908.614,32.76698,-96.77842
2206,2020,48115.0,PRESIDENT,TX,808.0,2951.0,3759.0,1,78.5,28.5,28.5,13833,900.306,1.823,902.129,32.74193,-101.94732
2212,2020,48117.0,PRESIDENT,TX,1264.0,3294.0,4558.0,1,72.27,22.27,22.27,19372,1496.868,1.516,1498.384,34.94076,-102.60756
2218,2020,48119.0,PRESIDENT,TX,403.0,2162.0,2565.0,1,84.29,34.29,34.29,5231,256.825,21.107,277.932,33.38593,-95.67335
2224,2020,48121.0,PRESIDENT,TX,188695.0,222480.0,411175.0,1,54.11,4.11,4.11,662614,878.432,74.545,952.977,33.205,-97.11904
2230,2020,48123.0,PRESIDENT,TX,1494.0,6567.0,8061.0,1,81.47,31.47,31.47,20097,908.975,1.514,910.489,29.08234,-97.36165
2236,2020,48125.0,PRESIDENT,TX,130.0,853.0,983.0,1,86.78,36.78,36.78,2444,901.724,3.497,905.221,33.61466,-100.78609
2242,2020,48127.0,PRESIDENT,TX,2264.0,1384.0,3648.0,0,62.06,12.06,-12.06,9996,1328.884,5.628,1334.512,28.42358,-99.76587
2248,2020,48129.0,PRESIDENT,TX,198.0,1438.0,1636.0,1,87.9,37.9,37.9,3677,926.886,6.160,933.046,34.95503,-100.81584
2254,2020,48131.0,PRESIDENT,TX,2575.0,2443.0,5018.0,0,51.32,1.32,-1.32,11782,1793.481,2.115,1795.596,27.68112,-98.49739
2260,2020,48133.0,PRESIDENT,TX,983.0,7237.0,8220.0,1,88.04,38.04,38.04,18583,926.491,5.424,931.915,32.32464,-98.83656
2266,2020,48135.0,PRESIDENT,TX,11367.0,32697.0,44064.0,1,74.2,24.2,24.2,137130,897.687,4.092,901.779,31.8653,-102.5425
2272,2020,48137.0,PRESIDENT,TX,168.0,893.0,1061.0,1,84.17,34.17,34.17,2002,2117.858,2.008,2119.866,29.98587,-100.30737
2278,2020,48139.0,PRESIDENT,TX,27565.0,56717.0,84282.0,1,67.29,17.29,17.29,149610,935.487,16.261,951.748,32.34727,-96.79833
2284,2020,48141.0,PRESIDENT,TX,178126.0,84331.0,262457.0,0,67.87,17.87,-17.87,800647,1012.693,2.267,1014.960,31.7664,-106.24139
2290,2020,48143.0,PRESIDENT,TX,2916.0,13684.0,16600.0,1,82.43,32.43,32.43,37890,1083.071,6.736,1089.807,32.23813,-98.22237
2296,2020,48145.0,PRESIDENT,TX,1899.0,4177.0,6076.0,1,68.75,18.75,18.75,17866,765.483,8.358,773.841,31.25193,-96.93412
2302,2020,48147.0,PRESIDENT,TX,2655.0,12171.0,14826.0,1,82.09,32.09,32.09,33915,890.837,8.047,898.884,33.59116,-96.10498
2308,2020,48149.0,PRESIDENT,TX,2661.0,10171.0,12832.0,1,79.26,29.26,29.26,24554,950.008,9.800,959.808,29.87788,-96.92123
2314,2020,48151.0,PRESIDENT,TX,352.0,1448.0,1800.0,1,80.44,30.44,30.44,3974,898.941,2.812,901.753,32.74047,-100.40312
2320,2020,48153.0,PRESIDENT,TX,438.0,1584.0,2022.0,1,78.34,28.34,28.34,6446,992.143,0.380,992.523,34.07373,-101.30327
2326,2020,48155.0,PRESIDENT,TX,99.0,445.0,544.0,1,81.8,31.8,31.8,1336,704.397,3.288,707.685,33.9804,-99.77742
2332,2020,48157.0,PRESIDENT,TX,195552.0,157718.0,353270.0,0,55.35,5.35,-5.35,585375,861.481,23.860,885.341,29.5266,-95.77101
2338,2020,48159.0,PRESIDENT,TX,804.0,4161.0,4965.0,1,83.81,33.81,33.81,10605,284.391,10.377,294.768,33.17584,-95.21906
2344,2020,48161.0,PRESIDENT,TX,1635.0,6991.0,8626.0,1,81.05,31.05,31.05,19816,877.739,14.253,891.992,31.70165,-96.14423
2350,2020,48163.0,PRESIDENT,TX,2422.0,2823.0,5245.0,1,53.82,3.82,3.82,17217,1133.500,0.847,1134.347,28.86933,-99.10878
2356,2020,48165.0,PRESIDENT,TX,576.0,5355.0,5931.0,1,90.29,40.29,40.29,17526,1502.375,0.488,1502.863,32.74394,-102.63156
2362,2020,48167.0,PRESIDENT,TX,58842.0,93911.0,152753.0,1,61.48,11.48,11.48,291309,378.358,495.450,873.808,29.2287,-94.89486
2368,2020,48169.0,PRESIDENT,TX,231.0,1413.0,1644.0,1,85.95,35.95,35.95,6461,893.412,2.787,896.199,33.18379,-101.30113
2374,2020,48171.0,PRESIDENT,TX,3176.0,12514.0,15690.0,1,79.76,29.76,29.76,24837,1058.214,3.467,1061.681,30.32639,-98.9421
2380,2020,48173.0,PRESIDENT,TX,39.0,611.0,650.0,1,94.0,44.0,44.0,1226,900.218,0.867,901.085,31.86859,-101.52897
2386,2020,48175.0,PRESIDENT,TX,877.0,3085.0,3962.0,1,77.86,27.86,27.86,7210,852.014,7.355,859.369,28.6607,-97.43041
2392,2020,48177.0,PRESIDENT,TX,1948.0,5627.0,7575.0,1,74.28,24.28,24.28,19807,1066.688,3.166,1069.854,29.4687,-97.47773
2398,2020,48179.0,PRESIDENT,TX,829.0,6840.0,7669.0,1,89.19,39.19,39.19,22535,925.974,3.359,929.333,35.40254,-100.81237
2404,2020,48181.0,PRESIDENT,TX,14506.0,44163.0,58669.0,1,75.27,25.27,25.27,120877,932.804,46.373,979.177,33.6245,-96.67569
2410,2020,48183.0,PRESIDENT,TX,14796.0,32493.0,47289.0,1,68.71,18.71,18.71,121730,273.303,2.461,275.764,32.48639,-94.81627
2416,2020,48185.0,PRESIDENT,TX,2833.0,9432.0,12265.0,1,76.9,26.9,26.9,26604,787.459,14.144,801.603,30.54323,-95.98808
2422,2020,48187.0,PRESIDENT,TX,28805.0,47553.0,76358.0,1,62.28,12.28,12.28,131533,711.300,3.515,714.815,29.5832,-97.94902
2428,2020,48189.0,PRESIDENT,TX,2279.0,7177.0,9456.0,1,75.9,25.9,25.9,36273,1004.683,0.095,1004.778,34.06843,-101.82288
2434,2020,48191.0,PRESIDENT,TX,168.0,995.0,1163.0,1,85.55,35.55,35.55,3353,883.492,20.605,904.097,34.45318,-100.57634
2440,2020,48193.0,PRESIDENT,TX,641.0,3616.0,4257.0,1,84.94,34.94,34.94,8517,835.914,0.478,836.392,31.70698,-98.11179
2446,2020,48195.0,PRESIDENT,TX,166.0,1849.0,2015.0,1,91.76,41.76,41.76,5613,919.810,0.598,920.408,36.27284,-101.35693
2452,2020,48197.0,PRESIDENT,TX,241.0,1330.0,1571.0,1,84.66,34.66,34.66,4139,695.114,1.756,696.870,34.2899,-99.74569
2458,2020,48199.0,PRESIDENT,TX,3474.0,23858.0,27332.0,1,87.29,37.29,37.29,54635,890.567,6.985,897.552,30.32961,-94.39314
2464,2020,48201.0,PRESIDENT,TX,918193.0,700630.0,1618823.0,0,56.72,6.72,-6.72,4092459,1703.478,74.005,1777.483,29.85727,-95.39303
2470,2020,48203.0,PRESIDENT,TX,7908.0,21466.0,29374.0,1,73.08,23.08,23.08,65631,899.951,15.803,915.754,32.54799,-94.37442
2476,2020,48205.0,PRESIDENT,TX,195.0,1868.0,2063.0,1,90.55,40.55,40.55,6062,1462.033,1.168,1463.201,35.84024,-102.61004
2482,2020,48207.0,PRESIDENT,TX,353.0,1840.0,2193.0,1,83.9,33.9,33.9,5899,903.131,7.132,910.263,33.17596,-99.73077
2488,2020,48209.0,PRESIDENT,TX,59524.0,47680.0,107204.0,0,55.52,5.52,-5.52,157107,677.978,1.945,679.923,30.06122,-98.02926
2494,2020,48211.0,PRESIDENT,TX,206.0,1486.0,1692.0,1,87.83,37.83,37.83,3807,906.286,5.871,912.157,35.81623,-100.2848
2500,2020,48213.0,PRESIDENT,TX,7060.0,28911.0,35971.0,1,80.37,30.37,30.37,78532,873.748,74.583,948.331,32.21163,-95.85341
2506,2020,48215.0,PRESIDENT,TX,128199.0,90527.0,218726.0,0,58.61,8.61,-8.61,774769,1570.865,12.043,1582.908,26.39638,-98.18099
2512,2020,48217.0,PRESIDENT,TX,2860.0,11926.0,14786.0,1,80.66,30.66,30.66,35089,958.864,26.856,985.720,31.98224,-97.12988
2518,2020,48219.0,PRESIDENT,TX,1482.0,6536.0,8018.0,1,81.52,31.52,31.52,22935,908.392,0.172,908.564,33.60593,-102.34339
2524,2020,48221.0,PRESIDENT,TX,5648.0,26496.0,32144.0,1,82.43,32.43,32.43,51182,420.641,16.187,436.828,32.43014,-97.83167
2530,2020,48223.0,PRESIDENT,TX,3046.0,12719.0,15765.0,1,80.68,30.68,30.68,35161,767.174,25.598,792.772,33.14895,-95.56519
2536,2020,48225.0,PRESIDENT,TX,2314.0,7060.0,9374.0,1,75.31,25.31,25.31,23732,1230.909,5.666,1236.575,31.32303,-95.4216
2542,2020,48227.0,PRESIDENT,TX,2069.0,8054.0,10123.0,1,79.56,29.56,29.56,35012,900.791,3.414,904.205,32.30358,-101.43853
2548,2020,48229.0,PRESIDENT,TX,371.0,779.0,1150.0,1,67.74,17.74,17.74,3476,4570.983,0.846,4571.829,31.45086,-105.37754
2554,2020,48231.0,PRESIDENT,TX,8906.0,29163.0,38069.0,1,76.61,26.61,26.61,86129,840.318,41.705,882.023,33.12343,-96.0838
2560,2020,48233.0,PRESIDENT,TX,965.0,7681.0,8646.0,1,88.84,38.84,38.84,22150,887.419,7.533,894.952,35.83704,-101.36274
2566,2020,48235.0,PRESIDENT,TX,120.0,759.0,879.0,1,86.35,36.35,36.35,1599,1051.563,0.068,1051.631,31.30342,-100.9813
2572,2020,48237.0,PRESIDENT,TX,331.0,3418.0,3749.0,1,91.17,41.17,41.17,9044,910.662,9.464,920.126,33.23227,-98.1719
2578,2020,48239.0,PRESIDENT,TX,1033.0,5231.0,6264.0,1,83.51,33.51,33.51,14075,829.435,27.437,856.872,28.9598,-96.58908
2584,2020,48241.0,PRESIDENT,TX,2954.0,12542.0,15496.0,1,80.94,30.94,30.94,35710,938.845,30.852,969.697,30.75293,-94.02229
2590,2020,48243.0,PRESIDENT,TX,501.0,784.0,1285.0,1,61.01,11.01,11.01,2342,2264.555,0.080,2264.635,30.61708,-104.18786
2596,2020,48245.0,PRESIDENT,TX,46073.0,47570.0,93643.0,1,50.8,0.8,0.8,252273,876.295,236.354,1112.649,29.854,-94.14933
2602,2020,48247.0,PRESIDENT,TX,1197.0,833.0,2030.0,0,58.97,8.97,-8.97,5300,1136.138,0.036,1136.174,27.04121,-98.70012
2608,2020,48249.0,PRESIDENT,TX,6119.0,7453.0,13572.0,1,54.91,4.91,4.91,40838,864.966,3.374,868.340,27.73351,-98.09081
2614,2020,48251.0,PRESIDENT,TX,16464.0,54628.0,71092.0,1,76.84,26.84,26.84,150934,724.692,9.772,734.464,32.37951,-97.36482
2620,2020,48253.0,PRESIDENT,TX,999.0,5660.0,6659.0,1,85.0,35.0,35.0,20202,928.554,8.583,937.137,32.7437,-99.87443
2626,2020,48255.0,PRESIDENT,TX,1234.0,3968.0,5202.0,1,76.28,26.28,26.28,14824,747.556,5.992,753.548,28.90761,-97.86076
2632,2020,48257.0,PRESIDENT,TX,18405.0,37624.0,56029.0,1,67.15,17.15,17.15,103350,780.699,26.961,807.660,32.59894,-96.28837
2638,2020,48259.0,PRESIDENT,TX,6020.0,20083.0,26103.0,1,76.94,26.94,26.94,33410,662.453,0.578,663.031,29.94452,-98.71109
2644,2020,48261.0,PRESIDENT,TX,65.0,127.0,192.0,1,66.15,16.15,16.15,416,1458.329,487.468,1945.797,26.89023,-97.59123
2650,2020,48263.0,PRESIDENT,TX,47.0,411.0,458.0,1,89.74,39.74,39.74,808,902.507,0.411,902.918,33.18478,-100.76972
2656,2020,48265.0,PRESIDENT,TX,6524.0,20879.0,27403.0,1,76.19,26.19,26.19,49625,1103.318,3.958,1107.276,30.05392,-99.35196
2662,2020,48267.0,PRESIDENT,TX,284.0,1987.0,2271.0,1,87.49,37.49,37.49,4607,1250.987,0.191,1251.178,30.47947,-99.74639
2668,2020,48269.0,PRESIDENT,TX,8.0,151.0,159.0,1,94.97,44.97,44.97,286,910.872,2.470,913.342,33.61415,-100.25054
2674,2020,48271.0,PRESIDENT,TX,446.0,1144.0,1590.0,1,71.95,21.95,21.95,3598,1360.055,5.068,1365.123,29.34708,-100.4177
2680,2020,48273.0,PRESIDENT,TX,5314.0,5504.0,10818.0,1,50.88,0.88,0.88,32061,881.308,208.897,1090.205,27.43873,-97.66062
2686,2020,48275.0,PRESIDENT,TX,265.0,1180.0,1445.0,1,81.66,31.66,31.66,3719,850.621,4.856,855.477,33.61665,-99.74711
2692,2020,48277.0,PRESIDENT,TX,4458.0,16760.0,21218.0,1,78.99,28.99,28.99,49793,907.190,25.913,933.103,33.66726,-95.57034
2698,2020,48279.0,PRESIDENT,TX,840.0,3521.0,4361.0,1,80.74,30.74,30.74,13977,1016.181,1.534,1017.715,34.06886,-102.34801
2704,2020,48281.0,PRESIDENT,TX,2144.0,8086.0,10230.0,1,79.04,29.04,29.04,19677,712.840,1.094,713.934,31.19673,-98.24088
2710,2020,48283.0,PRESIDENT,TX,1052.0,1335.0,2387.0,1,55.93,5.93,5.93,6886,1486.691,7.544,1494.235,28.35109,-99.09677
2716,2020,48285.0,PRESIDENT,TX,1333.0,8804.0,10137.0,1,86.85,36.85,36.85,19263,969.708,0.728,970.436,29.38257,-96.92363
2722,2020,48287.0,PRESIDENT,TX,1750.0,6255.0,8005.0,1,78.14,28.14,28.14,16612,629.016,5.084,634.100,30.3211,-96.97636
2728,2020,48289.0,PRESIDENT,TX,1072.0,7523.0,8595.0,1,87.53,37.53,37.53,16801,1073.151,7.468,1080.619,31.30049,-95.99562
2734,2020,48291.0,PRESIDENT,TX,5785.0,23302.0,29087.0,1,80.11,30.11,30.11,75643,1158.417,17.920,1176.337,30.16218,-94.82268
2740,2020,48293.0,PRESIDENT,TX,2213.0,6789.0,9002.0,1,75.42,25.42,25.42,23384,905.288,27.876,933.164,31.54754,-96.59362
2746,2020,48295.0,PRESIDENT,TX,131.0,1205.0,1336.0,1,90.19,40.19,40.19,3302,932.179,0.115,932.294,36.2802,-100.27268
2752,2020,48297.0,PRESIDENT,TX,819.0,4199.0,5018.0,1,83.68,33.68,33.68,11531,1039.696,39.183,1078.879,28.35153,-98.12696
2758,2020,48299.0,PRESIDENT,TX,2465.0,10079.0,12544.0,1,80.35,30.35,30.35,19301,934.034,31.822,965.856,30.70758,-98.68469
2764,2020,48301.0,PRESIDENT,TX,4.0,60.0,64.0,1,93.75,43.75,43.75,82,668.925,7.781,676.706,31.84493,-103.56122
2770,2020,48303.0,PRESIDENT,TX,40017.0,78861.0,118878.0,1,66.34,16.34,16.34,278831,895.599,5.101,900.700,33.61146,-101.81994
2776,2020,48305.0,PRESIDENT,TX,428.0,1853.0,2281.0,1,81.24,31.24,31.24,5915,891.867,1.610,893.477,33.17841,-101.81849
2782,2020,48307.0,PRESIDENT,TX,490.0,2904.0,3394.0,1,85.56,35.56,35.56,8283,1065.598,7.832,1073.430,31.20547,-99.35985
2788,2020,48309.0,PRESIDENT,TX,36688.0,59543.0,96231.0,1,61.88,11.88,11.88,234906,1037.101,23.130,1060.231,31.54949,-97.20147
2794,2020,48311.0,PRESIDENT,TX,53.0,460.0,513.0,1,89.67,39.67,39.67,707,1139.426,17.359,1156.785,28.38492,-98.57885
2800,2020,48313.0,PRESIDENT,TX,1088.0,4169.0,5257.0,1,79.3,29.3,29.3,13664,466.065,6.368,472.433,30.96687,-95.93037
2806,2020,48315.0,PRESIDENT,TX,1339.0,3470.0,4809.0,1,72.16,22.16,22.16,10546,380.880,39.442,420.322,32.79775,-94.35767
2812,2020,48317.0,PRESIDENT,TX,288.0,1857.0,2145.0,1,86.57,36.57,36.57,4799,914.944,0.746,915.690,32.30983,-101.96183
2818,2020,48319.0,PRESIDENT,TX,457.0,1991.0,2448.0,1,81.33,31.33,31.33,4012,928.803,3.411,932.214,30.70323,-99.2376
2824,2020,48321.0,PRESIDENT,TX,3733.0,9845.0,13578.0,1,72.51,22.51,22.51,36702,1100.276,512.234,1612.510,28.78334,-95.99775
2830,2020,48323.0,PRESIDENT,TX,8332.0,6881.0,15213.0,0,54.77,4.77,-4.77,54258,1279.258,12.520,1291.778,28.74521,-100.31136
2836,2020,48325.0,PRESIDENT,TX,6773.0,15642.0,22415.0,1,69.78,19.78,19.78,46006,1325.356,9.177,1334.533,29.35366,-99.11108
2842,2020,48327.0,PRESIDENT,TX,197.0,823.0,1020.0,1,80.69,30.69,30.69,2242,902.030,0.237,902.267,30.8837,-99.85493
2848,2020,48329.0,PRESIDENT,TX,12329.0,45624.0,57953.0,1,78.73,28.73,28.73,136872,900.299,1.751,902.050,31.87089,-102.02432
2854,2020,48331.0,PRESIDENT,TX,2496.0,7984.0,10480.0,1,76.18,26.18,26.18,24757,1016.930,4.841,1021.771,30.79124,-96.98439
2860,2020,48333.0,PRESIDENT,TX,271.0,2217.0,2488.0,1,89.11,39.11,39.11,4936,748.261,1.507,749.768,31.49488,-98.59462
2866,2020,48335.0,PRESIDENT,TX,397.0,2170.0,2567.0,1,84.53,34.53,34.53,9403,911.090,4.822,915.912,32.30378,-100.92458
2872,2020,48337.0,PRESIDENT,TX,1097.0,8615.0,9712.0,1,88.7,38.7,38.7,19719,930.906,7.370,938.276,33.67628,-97.72474
2878,2020,48339.0,PRESIDENT,TX,74377.0,193382.0,267759.0,1,72.22,22.22,22.22,455746,1041.735,35.144,1076.879,30.30236,-95.50352
2884,2020,48341.0,PRESIDENT,TX,1062.0,4359.0,5421.0,1,80.41,30.41,30.41,21904,899.691,9.930,909.621,35.83567,-101.8905
2890,2020,48343.0,PRESIDENT,TX,1669.0,3872.0,5541.0,1,69.88,19.88,19.88,12934,251.985,6.716,258.701,33.11646,-94.73126
2896,2020,48345.0,PRESIDENT,TX,46.0,604.0,650.0,1,92.92,42.92,42.92,1210,989.562,0.248,989.810,34.05838,-100.79369
2902,2020,48347.0,PRESIDENT,TX,9000.0,17378.0,26378.0,1,65.88,15.88,15.88,64524,946.537,34.651,981.188,31.62056,-94.62025
2908,2020,48349.0,PRESIDENT,TX,5101.0,13800.0,18901.0,1,73.01,23.01,23.01,47735,1009.627,76.309,1085.936,32.04845,-96.4769
2914,2020,48351.0,PRESIDENT,TX,1173.0,4882.0,6055.0,1,80.63,30.63,30.63,14445,933.677,6.051,939.728,30.78671,-93.73925
2920,2020,48353.0,PRESIDENT,TX,1162.0,4131.0,5293.0,1,78.05,28.05,28.05,15216,911.997,1.951,913.948,32.31233,-100.4181
2926,2020,48355.0,PRESIDENT,TX,60925.0,64617.0,125542.0,1,51.47,1.47,1.47,340223,838.482,327.116,1165.598,27.7394,-97.52164
2932,2020,48357.0,PRESIDENT,TX,302.0,2812.0,3114.0,1,90.3,40.3,40.3,10223,917.627,0.514,918.141,36.27874,-100.81586
2938,2020,48359.0,PRESIDENT,TX,81.0,917.0,998.0,1,91.88,41.88,41.88,2052,1500.533,0.903,1501.436,35.40192,-102.59762
2944,2020,48361.0,PRESIDENT,TX,6357.0,29186.0,35543.0,1,82.11,32.11,32.11,81837,333.669,45.861,379.530,30.12091,-93.89335
2950,2020,48363.0,PRESIDENT,TX,2178.0,10179.0,12357.0,1,82.37,32.37,32.37,28111,951.791,33.718,985.509,32.75221,-98.31797
2956,2020,48365.0,PRESIDENT,TX,2057.0,9326.0,11383.0,1,81.93,31.93,31.93,23796,801.749,19.554,821.303,32.16397,-94.30515
2962,2020,48367.0,PRESIDENT,TX,13017.0,62045.0,75062.0,1,82.66,32.66,32.66,116927,903.478,6.616,910.094,32.77709,-97.8059
2968,2020,48369.0,PRESIDENT,TX,488.0,2135.0,2623.0,1,81.4,31.4,31.4,10269,880.778,4.380,885.158,34.53216,-102.78485
2974,2020,48371.0,PRESIDENT,TX,1382.0,3215.0,4597.0,1,69.94,19.94,19.94,15507,4763.847,0.978,4764.825,30.77089,-102.71986
2980,2020,48373.0,PRESIDENT,TX,5387.0,18573.0,23960.0,1,77.52,27.52,27.52,45413,1057.093,52.567,1109.660,30.78455,-94.83733
2986,2020,48375.0,PRESIDENT,TX,9921.0,22820.0,32741.0,1,69.7,19.7,19.7,121073,908.370,13.620,921.990,35.39867,-101.8938
2992,2020,48377.0,PRESIDENT,TX,1463.0,721.0,2184.0,0,66.99,16.99,-16.99,7818,3855.237,0.685,3855.922,30.00589,-104.26161
2998,2020,48379.0,PRESIDENT,TX,842.0,5155.0,5997.0,1,85.96,35.96,35.96,10914,229.452,29.376,258.828,32.87058,-95.79544
3004,2020,48381.0,PRESIDENT,TX,12802.0,50796.0,63598.0,1,79.87,29.87,29.87,120725,911.544,10.885,922.429,34.96252,-101.89554
3010,2020,48383.0,PRESIDENT,TX,172.0,942.0,1114.0,1,84.56,34.56,34.56,3367,1175.301,0.692,1175.993,31.37289,-101.5139
3016,2020,48385.0,PRESIDENT,TX,320.0,1643.0,1963.0,1,83.7,33.7,33.7,3309,699.195,0.906,700.101,29.82303,-99.8053
3022,2020,48387.0,PRESIDENT,TX,1246.0,4517.0,5763.0,1,78.38,28.38,28.38,12860,1036.578,20.158,1056.736,33.61962,-95.04842
3028,2020,48389.0,PRESIDENT,TX,1395.0,2254.0,3649.0,1,61.77,11.77,11.77,13783,2635.375,6.717,2642.092,31.30836,-103.7127
3034,2020,48391.0,PRESIDENT,TX,1108.0,2210.0,3318.0,1,66.61,16.61,16.61,7383,770.444,47.799,818.243,28.31249,-97.16047
3040,2020,48393.0,PRESIDENT,TX,17.0,529.0,546.0,1,96.89,46.89,46.89,929,924.058,0.134,924.192,35.83621,-100.80755
3046,2020,48395.0,PRESIDENT,TX,2374.0,5646.0,8020.0,1,70.4,20.4,20.4,16622,855.683,9.670,865.353,31.02548,-96.51494
3052,2020,48397.0,PRESIDENT,TX,16412.0,36726.0,53138.0,1,69.11,19.11,19.11,78337,127.036,21.681,148.717,32.88921,-96.4075
3058,2020,48399.0,PRESIDENT,TX,552.0,3807.0,4359.0,1,87.34,37.34,37.34,10501,1050.945,6.151,1057.096,31.83331,-99.96785
3064,2020,48401.0,PRESIDENT,TX,4629.0,16534.0,21163.0,1,78.13,28.13,28.13,53330,924.027,14.380,938.407,32.10942,-94.75638
3070,2020,48403.0,PRESIDENT,TX,669.0,4784.0,5453.0,1,87.73,37.73,37.73,10834,491.390,85.260,576.650,31.3433,-93.85191
3076,2020,48405.0,PRESIDENT,TX,980.0,3007.0,3987.0,1,75.42,25.42,25.42,8865,530.657,61.640,592.297,31.38244,-94.16318
3082,2020,48407.0,PRESIDENT,TX,2337.0,10161.0,12498.0,1,81.3,31.3,31.3,26384,569.243,58.668,627.911,30.57421,-95.16285
3088,2020,48409.0,PRESIDENT,TX,8988.0,16516.0,25504.0,1,64.76,14.76,14.76,64804,693.451,14.494,707.945,28.01178,-97.51716
3094,2020,48411.0,PRESIDENT,TX,287.0,2308.0,2595.0,1,88.94,38.94,38.94,6131,1135.297,3.117,1138.414,31.15513,-98.81929
3100,2020,48413.0,PRESIDENT,TX,211.0,940.0,1151.0,1,81.67,31.67,31.67,3461,1310.630,0.034,1310.664,30.89623,-100.52721
3106,2020,48415.0,PRESIDENT,TX,818.0,4983.0,5801.0,1,85.9,35.9,35.9,16921,905.444,2.100,907.544,32.74446,-100.91339
3112,2020,48417.0,PRESIDENT,TX,130.0,1484.0,1614.0,1,91.95,41.95,41.95,3378,914.286,1.262,915.548,32.74378,-99.34704
3118,2020,48419.0,PRESIDENT,TX,2068.0,7975.0,10043.0,1,79.41,29.41,29.41,25448,795.583,39.034,834.617,31.79013,-94.14256
3124,2020,48421.0,PRESIDENT,TX,91.0,886.0,977.0,1,90.69,40.69,40.69,3034,923.035,0.166,923.201,36.27762,-101.89471
3130,2020,48423.0,PRESIDENT,TX,29615.0,69080.0,98695.0,1,69.99,19.99,19.99,209714,921.454,28.267,949.721,32.37709,-95.26963
3136,2020,48425.0,PRESIDENT,TX,768.0,4105.0,4873.0,1,84.24,34.24,34.24,8490,186.463,5.491,191.954,32.21794,-97.76921
3142,2020,48427.0,PRESIDENT,TX,9123.0,8247.0,17370.0,0,52.52,2.52,-2.52,60968,1223.179,5.908,1229.087,26.54633,-98.7158
3148,2020,48429.0,PRESIDENT,TX,397.0,3385.0,3782.0,1,89.5,39.5,39.5,9630,896.719,24.762,921.481,32.73153,-98.84008
3154,2020,48431.0,PRESIDENT,TX,51.0,584.0,635.0,1,91.97,41.97,41.97,1143,923.451,0.065,923.516,31.83577,-101.05491
3160,2020,48433.0,PRESIDENT,TX,116.0,615.0,731.0,1,84.13,34.13,34.13,1490,916.313,3.930,920.243,33.17958,-100.2538
3166,2020,48435.0,PRESIDENT,TX,322.0,1222.0,1544.0,1,79.15,29.15,29.15,4128,1453.926,0.493,1454.419,30.51786,-100.50539
3172,2020,48437.0,PRESIDENT,TX,478.0,1845.0,2323.0,1,79.42,29.42,29.42,7854,890.159,10.532,900.691,34.53046,-101.73285
3178,2020,48439.0,PRESIDENT,TX,411567.0,409741.0,821308.0,0,50.11,0.11,-0.11,1809034,863.608,38.696,902.304,32.77204,-97.29129
3184,2020,48441.0,PRESIDENT,TX,14588.0,39547.0,54135.0,1,73.05,23.05,23.05,131506,915.552,3.753,919.305,32.29568,-99.89322
3190,2020,48443.0,PRESIDENT,TX,119.0,334.0,453.0,1,73.73,23.73,23.73,984,2358.026,0.041,2358.067,30.23233,-102.07253
3196,2020,48445.0,PRESIDENT,TX,757.0,2812.0,3569.0,1,78.79,28.79,28.79,12651,888.839,2.102,890.941,33.17122,-102.33928
3202,2020,48447.0,PRESIDENT,TX,82.0,806.0,888.0,1,90.77,40.77,40.77,1641,912.552,2.929,915.481,33.17071,-99.20613
3208,2020,48449.0,PRESIDENT,TX,2856.0,7570.0,10426.0,1,72.61,22.61,22.61,32334,406.054,19.589,425.643,33.21459,-94.96678
3214,2020,48451.0,PRESIDENT,TX,12239.0,32313.0,44552.0,1,72.53,22.53,22.53,110224,1521.972,18.573,1540.545,31.40158,-100.46135
3220,2020,48453.0,PRESIDENT,TX,435860.0,161337.0,597197.0,0,72.98,22.98,-22.98,1024266,990.202,32.806,1023.008,30.23951,-97.69127
3226,2020,48455.0,PRESIDENT,TX,1323.0,5579.0,6902.0,1,80.83,30.83,30.83,14585,693.608,20.360,713.968,31.08748,-95.15329
3232,2020,48457.0,PRESIDENT,TX,1403.0,8194.0,9597.0,1,85.38,35.38,35.38,21766,924.501,11.122,935.623,30.76957,-94.37944
3238,2020,48459.0,PRESIDENT,TX,2877.0,15809.0,18686.0,1,84.6,34.6,34.6,39309,582.947,9.652,592.599,32.73587,-94.94164
3244,2020,48461.0,PRESIDENT,TX,170.0,1178.0,1348.0,1,87.39,37.39,37.39,3355,1241.324,0.179,1241.503,31.35384,-102.04201
3250,2020,48463.0,PRESIDENT,TX,4073.0,6174.0,10247.0,1,60.25,10.25,10.25,26405,1551.946,6.688,1558.634,29.35034,-99.76107
3256,2020,48465.0,PRESIDENT,TX,6771.0,8284.0,15055.0,1,55.02,5.02,5.02,48879,3144.750,87.920,3232.670,29.88496,-101.14664
3262,2020,48467.0,PRESIDENT,TX,3516.0,22270.0,25786.0,1,86.36,36.36,36.36,52579,842.557,17.053,859.610,32.55894,-95.83639
3268,2020,48469.0,PRESIDENT,TX,10380.0,23358.0,33738.0,1,69.23,19.23,19.23,86793,882.143,6.693,888.836,28.79637,-96.97119
3274,2020,48471.0,PRESIDENT,TX,7884.0,15375.0,23259.0,1,66.1,16.1,16.1,67861,784.169,17.335,801.504,30.74309,-95.56988
3280,2020,48473.0,PRESIDENT,TX,8191.0,14260.0,22451.0,1,63.52,13.52,13.52,43205,513.430,4.388,517.818,30.01357,-95.9821
3286,2020,48475.0,PRESIDENT,TX,764.0,3241.0,4005.0,1,80.92,30.92,30.92,10658,835.602,0.241,835.843,31.51306,-103.10511
3292,2020,48477.0,PRESIDENT,TX,4261.0,12959.0,17220.0,1,75.26,25.26,25.26,33718,603.954,17.797,621.751,30.21507,-96.41027
3298,2020,48479.0,PRESIDENT,TX,41820.0,25898.0,67718.0,0,61.76,11.76,-11.76,250304,3361.482,14.107,3375.589,27.77058,-99.32664
3304,2020,48481.0,PRESIDENT,TX,4694.0,11926.0,16620.0,1,71.76,21.76,21.76,41280,1086.150,8.220,1094.370,29.27848,-96.22967
3310,2020,48483.0,PRESIDENT,TX,168.0,2159.0,2327.0,1,92.78,42.78,42.78,5410,914.523,0.958,915.481,35.39259,-100.2531
3316,2020,48485.0,PRESIDENT,TX,13161.0,32069.0,45230.0,1,70.9,20.9,20.9,131500,627.776,5.340,633.116,33.9911,-98.71685
3322,2020,48487.0,PRESIDENT,TX,956.0,3524.0,4480.0,1,78.66,28.66,28.66,13535,970.844,7.049,977.893,34.08492,-99.24244
3328,2020,48489.0,PRESIDENT,TX,3108.0,2441.0,5549.0,0,56.01,6.01,-6.01,22134,590.554,193.714,784.268,26.48109,-97.58422
3334,2020,48491.0,PRESIDENT,TX,143795.0,139729.0,283524.0,0,50.72,0.72,-0.72,422679,1118.303,16.136,1134.439,30.64903,-97.60506
3340,2020,48493.0,PRESIDENT,TX,6350.0,18463.0,24813.0,1,74.41,24.41,24.41,42918,803.733,4.678,808.411,29.1743,-98.08589
3346,2020,48495.0,PRESIDENT,TX,358.0,1753.0,2111.0,1,83.04,33.04,33.04,7110,841.107,0.160,841.267,31.83141,-103.05598
3352,2020,48497.0,PRESIDENT,TX,4973.0,27032.0,32005.0,1,84.46,34.46,34.46,59127,904.422,18.162,922.584,33.21909,-97.65399
3358,2020,48499.0,PRESIDENT,TX,3509.0,19049.0,22558.0,1,84.44,34.44,34.44,41964,645.234,50.484,695.718,32.78358,-95.38216
3364,2020,48501.0,PRESIDENT,TX,420.0,2174.0,2594.0,1,83.81,33.81,33.81,7879,799.708,0.013,799.721,33.17239,-102.82377
3370,2020,48503.0,PRESIDENT,TX,1034.0,7110.0,8144.0,1,87.3,37.3,37.3,18550,914.468,16.391,930.859,33.15878,-98.67826
3376,2020,48505.0,PRESIDENT,TX,1826.0,2033.0,3859.0,1,52.68,2.68,2.68,14018,998.412,59.603,1058.015,26.99698,-99.1826
3382,2020,48507.0,PRESIDENT,TX,2864.0,1490.0,4354.0,0,65.78,15.78,-15.78,11677,1297.406,4.328,1301.734,28.86465,-99.75983
