,year,FIPS,office,state_x,dem_votes,rep_votes,county_x,total_votes,target,win_percentage,win_margin,skew,skew_diff,county_y,state_y
5,2020,6001.0,PRESIDENT,CA,617659.0,136309.0,ALAMEDA,753968.0,0,81.92,31.92,-31.92,7.834999999999999,ALAMEDA,CA
11,2020,6003.0,PRESIDENT,CA,476.0,244.0,ALPINE,720.0,0,66.11,16.11,-16.11,11.834999999999999,ALPINE,CA
17,2020,6005.0,PRESIDENT,CA,8153.0,13585.0,AMADOR,21738.0,1,62.49,12.49,12.49,2.0699999999999994,AMADOR,CA
23,2020,6007.0,PRESIDENT,CA,50426.0,48730.0,BUTTE,99156.0,0,50.86,0.86,-0.86,6.48,BUTTE,CA
29,2020,6009.0,PRESIDENT,CA,10046.0,16518.0,CALAVERAS,26564.0,1,62.18,12.18,12.18,1.5499999999999998,CALAVERAS,CA
35,2020,6011.0,PRESIDENT,CA,3239.0,4559.0,COLUSA,7798.0,1,58.46,8.46,8.46,9.965,COLUSA,CA
41,2020,6013.0,PRESIDENT,CA,416386.0,152877.0,CONTRA COSTA,569263.0,0,73.14,23.14,-23.14,11.045,CONTRA COSTA,CA
47,2020,6015.0,PRESIDENT,CA,4677.0,6461.0,DEL NORTE,11138.0,1,58.01,8.01,8.01,0.21999999999999975,DEL NORTE,CA
53,2020,6017.0,PRESIDENT,CA,51621.0,61838.0,EL DORADO,113459.0,1,54.5,4.5,4.5,5.8549999999999995,EL DORADO,CA
59,2020,6019.0,PRESIDENT,CA,193025.0,164464.0,FRESNO,357489.0,0,53.99,3.99,-3.99,10.21,FRESNO,CA
65,2020,6021.0,PRESIDENT,CA,3995.0,7063.0,GLENN,11058.0,1,63.87,13.87,13.87,4.219999999999999,GLENN,CA
71,2020,6023.0,PRESIDENT,CA,44768.0,21770.0,HUMBOLDT,66538.0,0,67.28,17.28,-17.28,10.16,HUMBOLDT,CA
77,2020,6025.0,PRESIDENT,CA,34678.0,20847.0,IMPERIAL,55525.0,0,62.45,12.45,-12.45,12.305,IMPERIAL,CA
83,2020,6027.0,PRESIDENT,CA,4634.0,4620.0,INYO,9254.0,0,50.08,0.08,-0.08,8.42,INYO,CA
89,2020,6029.0,PRESIDENT,CA,133366.0,164484.0,KERN,297850.0,1,55.22,5.22,5.22,8.915000000000001,KERN,CA
95,2020,6031.0,PRESIDENT,CA,18699.0,24072.0,KINGS,42771.0,1,56.28,6.28,6.28,6.1800000000000015,KINGS,CA
101,2020,6033.0,PRESIDENT,CA,14941.0,13123.0,LAKE,28064.0,0,53.24,3.24,-3.24,2.0549999999999997,LAKE,CA
107,2020,6035.0,PRESIDENT,CA,2799.0,8970.0,LASSEN,11769.0,1,76.22,26.22,26.22,5.574999999999999,LASSEN,CA
113,2020,6037.0,PRESIDENT,CA,3028885.0,1145530.0,LOS ANGELES,4174415.0,0,72.56,22.56,-22.56,9.295,LOS ANGELES,CA
119,2020,6039.0,PRESIDENT,CA,23168.0,29378.0,MADERA,52546.0,1,55.91,5.91,5.91,7.3149999999999995,MADERA,CA
125,2020,6041.0,PRESIDENT,CA,128288.0,24612.0,MARIN,152900.0,0,83.9,33.9,-33.9,11.780000000000001,MARIN,CA
131,2020,6043.0,PRESIDENT,CA,4088.0,5950.0,MARIPOSA,10038.0,1,59.27,9.27,9.27,1.29,MARIPOSA,CA
137,2020,6045.0,PRESIDENT,CA,28782.0,13267.0,MENDOCINO,42049.0,0,68.45,18.45,-18.45,6.2799999999999985,MENDOCINO,CA
143,2020,6047.0,PRESIDENT,CA,48991.0,39397.0,MERCED,88388.0,0,55.43,5.43,-5.43,11.31,MERCED,CA
149,2020,6049.0,PRESIDENT,CA,1150.0,3109.0,MODOC,4259.0,1,73.0,23.0,23.0,0.5999999999999996,MODOC,CA
155,2020,6051.0,PRESIDENT,CA,4013.0,2513.0,MONO,6526.0,0,61.49,11.49,-11.49,12.21,MONO,CA
161,2020,6053.0,PRESIDENT,CA,113953.0,46299.0,MONTEREY,160252.0,0,71.11,21.11,-21.11,10.564999999999998,MONTEREY,CA
167,2020,6055.0,PRESIDENT,CA,49817.0,20676.0,NAPA,70493.0,0,70.67,20.67,-20.67,10.92,NAPA,CA
173,2020,6057.0,PRESIDENT,CA,36359.0,26779.0,NEVADA,63138.0,0,57.59,7.59,-7.59,12.079999999999998,NEVADA,CA
179,2020,6059.0,PRESIDENT,CA,814009.0,676498.0,ORANGE,1490507.0,0,54.61,4.61,-4.61,13.855,ORANGE,CA
185,2020,6061.0,PRESIDENT,CA,106869.0,122488.0,PLACER,229357.0,1,53.4,3.4,3.4,7.8549999999999995,PLACER,CA
191,2020,6063.0,PRESIDENT,CA,4561.0,6445.0,PLUMAS,11006.0,1,58.56,8.56,8.56,3.8500000000000005,PLUMAS,CA
197,2020,6065.0,PRESIDENT,CA,528340.0,449144.0,RIVERSIDE,977484.0,0,54.05,4.05,-4.05,9.395,RIVERSIDE,CA
203,2020,6067.0,PRESIDENT,CA,440808.0,259405.0,SACRAMENTO,700213.0,0,62.95,12.95,-12.95,11.97,SACRAMENTO,CA
209,2020,6069.0,PRESIDENT,CA,17628.0,10590.0,SAN BENITO,28218.0,0,62.47,12.47,-12.47,7.15,SAN BENITO,CA
215,2020,6071.0,PRESIDENT,CA,455859.0,366257.0,SAN BERNARDINO,822116.0,0,55.45,5.45,-5.45,8.945,SAN BERNARDINO,CA
221,2020,6073.0,PRESIDENT,CA,964650.0,600094.0,SAN DIEGO,1564744.0,0,61.65,11.65,-11.65,13.725,SAN DIEGO,CA
227,2020,6075.0,PRESIDENT,CA,378156.0,56417.0,SAN FRANCISCO,434573.0,0,87.02,37.02,-37.02,5.109999999999999,SAN FRANCISCO,CA
238,2020,6079.0,PRESIDENT,CA,88310.0,67436.0,SAN LUIS OBISPO,155746.0,0,56.7,6.7,-6.7,10.434999999999999,SAN LUIS OBISPO,CA
244,2020,6081.0,PRESIDENT,CA,291496.0,75584.0,SAN MATEO,367080.0,0,79.41,29.41,-29.41,10.975000000000001,SAN MATEO,CA
250,2020,6083.0,PRESIDENT,CA,129963.0,65736.0,SANTA BARBARA,195699.0,0,66.41,16.41,-16.41,13.620000000000001,SANTA BARBARA,CA
256,2020,6085.0,PRESIDENT,CA,617967.0,214612.0,SANTA CLARA,832579.0,0,74.22,24.22,-24.22,11.75,SANTA CLARA,CA
262,2020,6087.0,PRESIDENT,CA,114246.0,26937.0,SANTA CRUZ,141183.0,0,80.92,30.92,-30.92,9.020000000000001,SANTA CRUZ,CA
268,2020,6089.0,PRESIDENT,CA,30000.0,60789.0,SHASTA,90789.0,1,66.96,16.96,16.96,1.4499999999999975,SHASTA,CA
274,2020,6091.0,PRESIDENT,CA,730.0,1142.0,SIERRA,1872.0,1,61.0,11.0,11.0,4.91,SIERRA,CA
280,2020,6093.0,PRESIDENT,CA,9593.0,13290.0,SISKIYOU,22883.0,1,58.08,8.08,8.08,4.1899999999999995,SISKIYOU,CA
286,2020,6095.0,PRESIDENT,CA,131639.0,69306.0,SOLANO,200945.0,0,65.51,15.51,-15.51,7.425000000000001,SOLANO,CA
292,2020,6097.0,PRESIDENT,CA,199938.0,61825.0,SONOMA,261763.0,0,76.38,26.38,-26.38,9.375,SONOMA,CA
298,2020,6099.0,PRESIDENT,CA,105841.0,104145.0,STANISLAUS,209986.0,0,50.4,0.4,-0.4,7.465000000000001,STANISLAUS,CA
304,2020,6101.0,PRESIDENT,CA,17367.0,24375.0,SUTTER,41742.0,1,58.39,8.39,8.39,9.315,SUTTER,CA
310,2020,6103.0,PRESIDENT,CA,8911.0,19141.0,TEHAMA,28052.0,1,68.23,18.23,18.23,1.5599999999999987,TEHAMA,CA
316,2020,6105.0,PRESIDENT,CA,2851.0,3188.0,TRINITY,6039.0,1,52.79,2.79,2.79,5.369999999999999,TRINITY,CA
322,2020,6107.0,PRESIDENT,CA,66105.0,77579.0,TULARE,143684.0,1,53.99,3.99,3.99,9.93,TULARE,CA
328,2020,6109.0,PRESIDENT,CA,11978.0,17689.0,TUOLUMNE,29667.0,1,59.63,9.63,9.63,2.1399999999999997,TUOLUMNE,CA
334,2020,6111.0,PRESIDENT,CA,251388.0,162207.0,VENTURA,413595.0,0,60.78,10.78,-10.78,11.334999999999999,VENTURA,CA
340,2020,6113.0,PRESIDENT,CA,67598.0,27292.0,YOLO,94890.0,0,71.24,21.24,-21.24,11.93,YOLO,CA
346,2020,6115.0,PRESIDENT,CA,11230.0,17676.0,YUBA,28906.0,1,61.15,11.15,11.15,4.1499999999999995,YUBA,CA
352,2020,12001.0,PRESIDENT,FL,89704.0,50972.0,ALACHUA,140676.0,0,63.77,13.77,-13.77,5.3950000000000005,ALACHUA,FL
358,2020,12003.0,PRESIDENT,FL,2037.0,11911.0,BAKER,13948.0,1,85.4,35.4,35.4,10.124999999999998,BAKER,FL
364,2020,12005.0,PRESIDENT,FL,25614.0,66097.0,BAY,91711.0,1,72.07,22.07,22.07,3.5999999999999996,BAY,FL
370,2020,12007.0,PRESIDENT,FL,3160.0,10334.0,BRADFORD,13494.0,1,76.58,26.58,26.58,9.065000000000001,BRADFORD,FL
376,2020,12009.0,PRESIDENT,FL,148549.0,207883.0,BREVARD,356432.0,1,58.32,8.32,8.32,3.1550000000000007,BREVARD,FL
382,2020,12011.0,PRESIDENT,FL,618752.0,333409.0,BROWARD,952161.0,0,64.98,14.98,-14.98,0.3050000000000006,BROWARD,FL
388,2020,12013.0,PRESIDENT,FL,1209.0,5274.0,CALHOUN,6483.0,1,81.35,31.35,31.35,19.520000000000003,CALHOUN,FL
394,2020,12015.0,PRESIDENT,FL,42273.0,73243.0,CHARLOTTE,115516.0,1,63.41,13.41,13.41,8.399999999999999,CHARLOTTE,FL
400,2020,12017.0,PRESIDENT,FL,27092.0,65352.0,CITRUS,92444.0,1,70.69,20.69,20.69,14.96,CITRUS,FL
406,2020,12019.0,PRESIDENT,FL,38317.0,84480.0,CLAY,122797.0,1,68.8,18.8,18.8,4.449999999999999,CLAY,FL
412,2020,12021.0,PRESIDENT,FL,77621.0,128950.0,COLLIER,206571.0,1,62.42,12.42,12.42,3.37,COLLIER,FL
418,2020,12023.0,PRESIDENT,FL,8914.0,23836.0,COLUMBIA,32750.0,1,72.78,22.78,22.78,8.565000000000001,COLUMBIA,FL
424,2020,12027.0,PRESIDENT,FL,4259.0,8313.0,DESOTO,12572.0,1,66.12,16.12,16.12,7.795000000000001,DESOTO,FL
430,2020,12029.0,PRESIDENT,FL,1365.0,6759.0,DIXIE,8124.0,1,83.2,33.2,33.2,18.155,DIXIE,FL
436,2020,12031.0,PRESIDENT,FL,252556.0,233762.0,DUVAL,486318.0,0,51.93,1.93,-1.93,8.93,DUVAL,FL
442,2020,12033.0,PRESIDENT,FL,70929.0,96674.0,ESCAMBIA,167603.0,1,57.68,7.68,7.68,5.805,ESCAMBIA,FL
448,2020,12035.0,PRESIDENT,FL,28161.0,43043.0,FLAGLER,71204.0,1,60.45,10.45,10.45,11.035,FLAGLER,FL
454,2020,12037.0,PRESIDENT,FL,2120.0,4675.0,FRANKLIN,6795.0,1,68.8,18.8,18.8,12.715,FRANKLIN,FL
460,2020,12039.0,PRESIDENT,FL,16153.0,7465.0,GADSDEN,23618.0,0,68.39,18.39,-18.39,1.799999999999999,GADSDEN,FL
466,2020,12041.0,PRESIDENT,FL,1700.0,7895.0,GILCHRIST,9595.0,1,82.28,32.28,32.28,15.085,GILCHRIST,FL
472,2020,12043.0,PRESIDENT,FL,1385.0,3782.0,GLADES,5167.0,1,73.2,23.2,23.2,14.309999999999999,GLADES,FL
478,2020,12045.0,PRESIDENT,FL,1985.0,6113.0,GULF,8098.0,1,75.49,25.49,25.49,12.385000000000002,GULF,FL
484,2020,12047.0,PRESIDENT,FL,1963.0,3815.0,HAMILTON,5778.0,1,66.03,16.03,16.03,9.835,HAMILTON,FL
490,2020,12049.0,PRESIDENT,FL,2298.0,6122.0,HARDEE,8420.0,1,72.71,22.71,22.71,5.905000000000001,HARDEE,FL
496,2020,12051.0,PRESIDENT,FL,4929.0,7906.0,HENDRY,12835.0,1,61.6,11.6,11.6,2.235,HENDRY,FL
502,2020,12053.0,PRESIDENT,FL,37519.0,70412.0,HERNANDO,107931.0,1,65.24,15.24,15.24,14.190000000000001,HERNANDO,FL
508,2020,12055.0,PRESIDENT,FL,16938.0,34873.0,HIGHLANDS,51811.0,1,67.31,17.31,17.31,6.1000000000000005,HIGHLANDS,FL
514,2020,12057.0,PRESIDENT,FL,376367.0,327398.0,HILLSBOROUGH,703765.0,0,53.48,3.48,-3.48,6.035,HILLSBOROUGH,FL
520,2020,12059.0,PRESIDENT,FL,924.0,8080.0,HOLMES,9004.0,1,89.74,39.74,39.74,15.905000000000003,HOLMES,FL
526,2020,12061.0,PRESIDENT,FL,37844.0,58872.0,INDIAN RIVER,96716.0,1,60.87,10.87,10.87,1.8249999999999993,INDIAN RIVER,FL
532,2020,12063.0,PRESIDENT,FL,6766.0,15488.0,JACKSON,22254.0,1,69.6,19.6,19.6,9.970000000000002,JACKSON,FL
538,2020,12065.0,PRESIDENT,FL,3897.0,4479.0,JEFFERSON,8376.0,1,53.47,3.47,3.47,8.399999999999999,JEFFERSON,FL
544,2020,12067.0,PRESIDENT,FL,510.0,3128.0,LAFAYETTE,3638.0,1,85.98,35.98,35.98,14.034999999999998,LAFAYETTE,FL
550,2020,12069.0,PRESIDENT,FL,83505.0,125859.0,LAKE,209364.0,1,60.11,10.11,10.11,2.3600000000000003,LAKE,FL
556,2020,12071.0,PRESIDENT,FL,157695.0,233247.0,LEE,390942.0,1,59.66,9.66,9.66,1.1849999999999996,LEE,FL
562,2020,12073.0,PRESIDENT,FL,103517.0,57453.0,LEON,160970.0,0,64.31,14.31,-14.31,2.1949999999999994,LEON,FL
568,2020,12075.0,PRESIDENT,FL,6205.0,16749.0,LEVY,22954.0,1,72.97,22.97,22.97,13.419999999999998,LEVY,FL
574,2020,12077.0,PRESIDENT,FL,694.0,2846.0,LIBERTY,3540.0,1,80.4,30.4,30.4,19.645,LIBERTY,FL
580,2020,12079.0,PRESIDENT,FL,3747.0,5576.0,MADISON,9323.0,1,59.81,9.81,9.81,8.33,MADISON,FL
586,2020,12081.0,PRESIDENT,FL,90166.0,124987.0,MANATEE,215153.0,1,58.09,8.09,8.09,2.9149999999999996,MANATEE,FL
592,2020,12083.0,PRESIDENT,FL,74858.0,127826.0,MARION,202684.0,1,63.07,13.07,13.07,6.315,MARION,FL
598,2020,12085.0,PRESIDENT,FL,36893.0,61168.0,MARTIN,98061.0,1,62.38,12.38,12.38,6.16,MARTIN,FL
604,2020,12086.0,PRESIDENT,FL,617864.0,532833.0,MIAMI-DADE,1150697.0,0,53.69,3.69,-3.69,6.25,MIAMI-DADE,FL
610,2020,12087.0,PRESIDENT,FL,21881.0,25693.0,MONROE,47574.0,1,54.01,4.01,4.01,4.245,MONROE,FL
616,2020,12089.0,PRESIDENT,FL,15564.0,42566.0,NASSAU,58130.0,1,73.23,23.23,23.23,2.9800000000000004,NASSAU,FL
622,2020,12091.0,PRESIDENT,FL,34248.0,79798.0,OKALOOSA,114046.0,1,69.97,19.97,19.97,4.295,OKALOOSA,FL
628,2020,12093.0,PRESIDENT,FL,4390.0,11470.0,OKEECHOBEE,15860.0,1,72.32,22.32,22.32,16.32,OKEECHOBEE,FL
634,2020,12095.0,PRESIDENT,FL,395014.0,245398.0,ORANGE,640412.0,0,61.68,11.68,-11.68,11.675,ORANGE,FL
640,2020,12097.0,PRESIDENT,FL,97297.0,73480.0,OSCEOLA,170777.0,0,56.97,6.97,-6.97,10.425,OSCEOLA,FL
646,2020,12099.0,PRESIDENT,FL,433572.0,334711.0,PALM BEACH,768283.0,0,56.43,6.43,-6.43,5.095000000000001,PALM BEACH,FL
652,2020,12101.0,PRESIDENT,FL,119073.0,179621.0,PASCO,298694.0,1,60.14,10.14,10.14,8.385,PASCO,FL
658,2020,12103.0,PRESIDENT,FL,277450.0,276209.0,PINELLAS,553659.0,0,50.11,0.11,-0.11,1.385,PINELLAS,FL
664,2020,12105.0,PRESIDENT,FL,145049.0,194586.0,POLK,339635.0,1,57.29,7.29,7.29,2.1950000000000007,POLK,FL
670,2020,12107.0,PRESIDENT,FL,10527.0,25514.0,PUTNAM,36041.0,1,70.79,20.79,20.79,13.620000000000001,PUTNAM,FL
676,2020,12109.0,PRESIDENT,FL,63850.0,110946.0,ST. JOHNS,174796.0,1,63.47,13.47,13.47,3.0100000000000007,ST. JOHNS,FL
682,2020,12111.0,PRESIDENT,FL,84137.0,86831.0,ST. LUCIE,170968.0,1,50.79,0.79,0.79,4.325,ST. LUCIE,FL
688,2020,12113.0,PRESIDENT,FL,27612.0,77385.0,SANTA ROSA,104997.0,1,73.7,23.7,23.7,4.195,SANTA ROSA,FL
694,2020,12115.0,PRESIDENT,FL,120110.0,148370.0,SARASOTA,268480.0,1,55.26,5.26,5.26,1.87,SARASOTA,FL
700,2020,12117.0,PRESIDENT,FL,132528.0,125241.0,SEMINOLE,257769.0,0,51.41,1.41,-1.41,7.57,SEMINOLE,FL
706,2020,12119.0,PRESIDENT,FL,29341.0,62761.0,SUMTER,92102.0,1,68.14,18.14,18.14,9.645000000000001,SUMTER,FL
712,2020,12121.0,PRESIDENT,FL,4485.0,16410.0,SUWANNEE,20895.0,1,78.54,28.54,28.54,9.700000000000001,SUWANNEE,FL
718,2020,12123.0,PRESIDENT,FL,2299.0,7751.0,TAYLOR,10050.0,1,77.12,27.12,27.12,14.365000000000002,TAYLOR,FL
724,2020,12125.0,PRESIDENT,FL,1053.0,5133.0,UNION,6186.0,1,82.98,32.98,32.98,14.68,UNION,FL
730,2020,12127.0,PRESIDENT,FL,130575.0,173821.0,VOLUSIA,304396.0,1,57.1,7.1,7.1,9.39,VOLUSIA,FL
736,2020,12129.0,PRESIDENT,FL,5351.0,12874.0,WAKULLA,18225.0,1,70.64,20.64,20.64,14.64,WAKULLA,FL
742,2020,12131.0,PRESIDENT,FL,10338.0,32947.0,WALTON,43285.0,1,76.12,26.12,26.12,6.42,WALTON,FL
748,2020,12133.0,PRESIDENT,FL,2347.0,9876.0,WASHINGTON,12223.0,1,80.8,30.8,30.8,12.13,WASHINGTON,FL
754,2020,17001.0,PRESIDENT,IL,8633.0,24220.0,ADAMS,32853.0,1,73.72,23.72,23.72,11.68,ADAMS,IL
760,2020,17003.0,PRESIDENT,IL,1114.0,1486.0,ALEXANDER,2600.0,1,57.15,7.15,7.15,11.77,ALEXANDER,IL
766,2020,17005.0,PRESIDENT,IL,2288.0,5625.0,BOND,7913.0,1,71.09,21.09,21.09,15.09,BOND,IL
772,2020,17007.0,PRESIDENT,IL,10542.0,13883.0,BOONE,24425.0,1,56.84,6.84,6.84,0.585,BOONE,IL
778,2020,17009.0,PRESIDENT,IL,486.0,1931.0,BROWN,2417.0,1,79.89,29.89,29.89,17.520000000000003,BROWN,IL
784,2020,17011.0,PRESIDENT,IL,6669.0,10411.0,BUREAU,17080.0,1,60.95,10.95,10.95,6.984999999999999,BUREAU,IL
790,2020,17013.0,PRESIDENT,IL,677.0,2046.0,CALHOUN,2723.0,1,75.14,25.14,25.14,23.815,CALHOUN,IL
796,2020,17015.0,PRESIDENT,IL,2748.0,5105.0,CARROLL,7853.0,1,65.01,15.01,15.01,9.035,CARROLL,IL
802,2020,17017.0,PRESIDENT,IL,1615.0,3625.0,CASS,5240.0,1,69.18,19.18,19.18,14.094999999999999,CASS,IL
808,2020,17019.0,PRESIDENT,IL,57067.0,35285.0,CHAMPAIGN,92352.0,0,61.79,11.79,-11.79,10.105,CHAMPAIGN,IL
814,2020,17021.0,PRESIDENT,IL,4335.0,11563.0,CHRISTIAN,15898.0,1,72.73,22.73,22.73,16.515,CHRISTIAN,IL
820,2020,17023.0,PRESIDENT,IL,1993.0,6226.0,CLARK,8219.0,1,75.75,25.75,25.75,13.434999999999999,CLARK,IL
826,2020,17025.0,PRESIDENT,IL,1129.0,5629.0,CLAY,6758.0,1,83.29,33.29,33.29,17.754999999999995,CLAY,IL
832,2020,17027.0,PRESIDENT,IL,4493.0,14304.0,CLINTON,18797.0,1,76.1,26.1,26.1,17.38,CLINTON,IL
838,2020,17029.0,PRESIDENT,IL,8067.0,14037.0,COLES,22104.0,1,63.5,13.5,13.5,7.890000000000001,COLES,IL
844,2020,17031.0,PRESIDENT,IL,1725973.0,558269.0,COOK,2284242.0,0,75.56,25.56,-25.56,6.1949999999999985,COOK,IL
850,2020,17033.0,PRESIDENT,IL,2202.0,7043.0,CRAWFORD,9245.0,1,76.18,26.18,26.18,13.32,CRAWFORD,IL
856,2020,17035.0,PRESIDENT,IL,1142.0,4601.0,CUMBERLAND,5743.0,1,80.11,30.11,30.11,16.924999999999997,CUMBERLAND,IL
862,2020,17037.0,PRESIDENT,IL,24643.0,21905.0,DEKALB,46548.0,0,52.94,2.94,-2.94,5.3100000000000005,DEKALB,IL
868,2020,17039.0,PRESIDENT,IL,2191.0,5632.0,DE WITT,7823.0,1,71.99,21.99,21.99,11.594999999999999,DE WITT,IL
874,2020,17041.0,PRESIDENT,IL,2335.0,6227.0,DOUGLAS,8562.0,1,72.73,22.73,22.73,10.180000000000001,DOUGLAS,IL
880,2020,17043.0,PRESIDENT,IL,281222.0,193611.0,DUPAGE,474833.0,0,59.23,9.23,-9.23,14.41,DUPAGE,IL
886,2020,17045.0,PRESIDENT,IL,1887.0,6193.0,EDGAR,8080.0,1,76.65,26.65,26.65,14.77,EDGAR,IL
892,2020,17047.0,PRESIDENT,IL,488.0,2833.0,EDWARDS,3321.0,1,85.31,35.31,35.31,15.145000000000001,EDWARDS,IL
898,2020,17049.0,PRESIDENT,IL,3716.0,15006.0,EFFINGHAM,18722.0,1,80.15,30.15,30.15,9.434999999999999,EFFINGHAM,IL
904,2020,17051.0,PRESIDENT,IL,1826.0,8055.0,FAYETTE,9881.0,1,81.52,31.52,31.52,21.14,FAYETTE,IL
910,2020,17053.0,PRESIDENT,IL,1754.0,5048.0,FORD,6802.0,1,74.21,24.21,24.21,7.475000000000001,FORD,IL
916,2020,17055.0,PRESIDENT,IL,4760.0,13622.0,FRANKLIN,18382.0,1,74.11,24.11,24.11,24.055,FRANKLIN,IL
922,2020,17057.0,PRESIDENT,IL,6503.0,9867.0,FULTON,16370.0,1,60.27,10.27,10.27,14.185,FULTON,IL
928,2020,17059.0,PRESIDENT,IL,622.0,2019.0,GALLATIN,2641.0,1,76.45,26.45,26.45,27.295,GALLATIN,IL
934,2020,17061.0,PRESIDENT,IL,1349.0,4770.0,GREENE,6119.0,1,77.95,27.95,27.95,20.29,GREENE,IL
940,2020,17063.0,PRESIDENT,IL,9626.0,16523.0,GRUNDY,26149.0,1,63.19,13.19,13.19,7.535,GRUNDY,IL
946,2020,17065.0,PRESIDENT,IL,824.0,3432.0,HAMILTON,4256.0,1,80.64,30.64,30.64,22.395,HAMILTON,IL
952,2020,17067.0,PRESIDENT,IL,2315.0,6906.0,HANCOCK,9221.0,1,74.89,24.89,24.89,17.88,HANCOCK,IL
958,2020,17069.0,PRESIDENT,IL,449.0,1691.0,HARDIN,2140.0,1,79.02,29.02,29.02,21.634999999999998,HARDIN,IL
964,2020,17071.0,PRESIDENT,IL,1187.0,2394.0,HENDERSON,3581.0,1,66.85,16.85,16.85,20.630000000000003,HENDERSON,IL
970,2020,17073.0,PRESIDENT,IL,9797.0,15300.0,HENRY,25097.0,1,60.96,10.96,10.96,10.870000000000001,HENRY,IL
976,2020,17075.0,PRESIDENT,IL,2908.0,10877.0,IROQUOIS,13785.0,1,78.9,28.9,28.9,9.979999999999999,IROQUOIS,IL
982,2020,17077.0,PRESIDENT,IL,11181.0,10890.0,JACKSON,22071.0,0,50.66,0.66,-0.66,4.095,JACKSON,IL
988,2020,17079.0,PRESIDENT,IL,1007.0,4494.0,JASPER,5501.0,1,81.69,31.69,31.69,16.58,JASPER,IL
994,2020,17081.0,PRESIDENT,IL,4608.0,12476.0,JEFFERSON,17084.0,1,73.03,23.03,23.03,14.9,JEFFERSON,IL
1000,2020,17083.0,PRESIDENT,IL,2961.0,8712.0,JERSEY,11673.0,1,74.63,24.63,24.63,21.43,JERSEY,IL
1006,2020,17085.0,PRESIDENT,IL,5109.0,7166.0,JO DAVIESS,12275.0,1,58.38,8.38,8.38,4.41,JO DAVIESS,IL
1012,2020,17087.0,PRESIDENT,IL,1281.0,5059.0,JOHNSON,6340.0,1,79.79,29.79,29.79,14.125,JOHNSON,IL
1018,2020,17089.0,PRESIDENT,IL,130166.0,96775.0,KANE,226941.0,0,57.36,7.36,-7.36,12.265,KANE,IL
1024,2020,17091.0,PRESIDENT,IL,20271.0,28532.0,KANKAKEE,48803.0,1,58.46,8.46,8.46,4.5200000000000005,KANKAKEE,IL
1030,2020,17093.0,PRESIDENT,IL,33168.0,29492.0,KENDALL,62660.0,0,52.93,2.93,-2.93,13.105,KENDALL,IL
1036,2020,17095.0,PRESIDENT,IL,10703.0,12009.0,KNOX,22712.0,1,52.88,2.88,2.88,7.52,KNOX,IL
1042,2020,17097.0,PRESIDENT,IL,204032.0,123594.0,LAKE,327626.0,0,62.28,12.28,-12.28,12.66,LAKE,IL
1048,2020,17099.0,PRESIDENT,IL,22442.0,30113.0,LASALLE,52555.0,1,57.3,7.3,7.3,7.77,LASALLE,IL
1054,2020,17101.0,PRESIDENT,IL,1419.0,4886.0,LAWRENCE,6305.0,1,77.49,27.49,27.49,18.48,LAWRENCE,IL
1060,2020,17103.0,PRESIDENT,IL,6407.0,9630.0,LEE,16037.0,1,60.05,10.05,10.05,2.4350000000000005,LEE,IL
1066,2020,17105.0,PRESIDENT,IL,4615.0,12208.0,LIVINGSTON,16823.0,1,72.57,22.57,22.57,9.215,LIVINGSTON,IL
1072,2020,17107.0,PRESIDENT,IL,3840.0,9136.0,LOGAN,12976.0,1,70.41,20.41,20.41,4.805000000000001,LOGAN,IL
1078,2020,17109.0,PRESIDENT,IL,4992.0,7027.0,MCDONOUGH,12019.0,1,58.47,8.47,8.47,5.68,MCDONOUGH,IL
1084,2020,17111.0,PRESIDENT,IL,78154.0,82260.0,MCHENRY,160414.0,1,51.28,1.28,1.28,7.67,MCHENRY,IL
1090,2020,17113.0,PRESIDENT,IL,43933.0,40502.0,MCLEAN,84435.0,0,52.03,2.03,-2.03,8.515,MCLEAN,IL
1096,2020,17115.0,PRESIDENT,IL,19847.0,28589.0,MACON,48436.0,1,59.02,9.02,9.02,7.129999999999999,MACON,IL
1102,2020,17117.0,PRESIDENT,IL,7365.0,16153.0,MACOUPIN,23518.0,1,68.68,18.68,18.68,19.700000000000003,MACOUPIN,IL
1108,2020,17119.0,PRESIDENT,IL,57836.0,76031.0,MADISON,133867.0,1,56.8,6.8,6.8,10.7,MADISON,IL
1114,2020,17121.0,PRESIDENT,IL,4524.0,12678.0,MARION,17202.0,1,73.7,23.7,23.7,20.615,MARION,IL
1120,2020,17123.0,PRESIDENT,IL,2005.0,4197.0,MARSHALL,6202.0,1,67.67,17.67,17.67,11.725,MARSHALL,IL
1126,2020,17125.0,PRESIDENT,IL,1985.0,4654.0,MASON,6639.0,1,70.1,20.1,20.1,15.205,MASON,IL
1132,2020,17127.0,PRESIDENT,IL,1725.0,4997.0,MASSAC,6722.0,1,74.34,24.34,24.34,16.1,MASSAC,IL
1138,2020,17129.0,PRESIDENT,IL,2022.0,4764.0,MENARD,6786.0,1,70.2,20.2,20.2,4.359999999999999,MENARD,IL
1144,2020,17131.0,PRESIDENT,IL,3280.0,5418.0,MERCER,8698.0,1,62.29,12.29,12.29,14.155,MERCER,IL
1150,2020,17133.0,PRESIDENT,IL,6569.0,14142.0,MONROE,20711.0,1,68.28,18.28,18.28,11.370000000000001,MONROE,IL
1156,2020,17135.0,PRESIDENT,IL,3905.0,9544.0,MONTGOMERY,13449.0,1,70.96,20.96,20.96,19.96,MONTGOMERY,IL
1162,2020,17137.0,PRESIDENT,IL,5076.0,9950.0,MORGAN,15026.0,1,66.22,16.22,16.22,5.975,MORGAN,IL
1168,2020,17139.0,PRESIDENT,IL,1662.0,4964.0,MOULTRIE,6626.0,1,74.92,24.92,24.92,16.23,MOULTRIE,IL
1174,2020,17141.0,PRESIDENT,IL,9428.0,16248.0,OGLE,25676.0,1,63.28,13.28,13.28,1.6999999999999993,OGLE,IL
1180,2020,17143.0,PRESIDENT,IL,43578.0,38252.0,PEORIA,81830.0,0,53.25,3.25,-3.25,1.6949999999999998,PEORIA,IL
1186,2020,17145.0,PRESIDENT,IL,2612.0,7313.0,PERRY,9925.0,1,73.68,23.68,23.68,21.81,PERRY,IL
1192,2020,17147.0,PRESIDENT,IL,3329.0,6248.0,PIATT,9577.0,1,65.24,15.24,15.24,6.495,PIATT,IL
1198,2020,17149.0,PRESIDENT,IL,1484.0,6332.0,PIKE,7816.0,1,81.01,31.01,31.01,18.950000000000003,PIKE,IL
1204,2020,17151.0,PRESIDENT,IL,433.0,1722.0,POPE,2155.0,1,79.91,29.91,29.91,20.195,POPE,IL
1210,2020,17153.0,PRESIDENT,IL,891.0,1699.0,PULASKI,2590.0,1,65.6,15.6,15.6,12.489999999999998,PULASKI,IL
1216,2020,17155.0,PRESIDENT,IL,1338.0,1993.0,PUTNAM,3331.0,1,59.83,9.83,9.83,12.625,PUTNAM,IL
1222,2020,17157.0,PRESIDENT,IL,3592.0,11076.0,RANDOLPH,14668.0,1,75.51,25.51,25.51,22.185000000000002,RANDOLPH,IL
1228,2020,17159.0,PRESIDENT,IL,1830.0,6089.0,RICHLAND,7919.0,1,76.89,26.89,26.89,11.365000000000002,RICHLAND,IL
1234,2020,17161.0,PRESIDENT,IL,36691.0,28603.0,ROCK ISLAND,65294.0,0,56.19,6.19,-6.19,3.3999999999999995,ROCK ISLAND,IL
1240,2020,17163.0,PRESIDENT,IL,68325.0,57150.0,ST. CLAIR,125475.0,0,54.45,4.45,-4.45,2.455,ST. CLAIR,IL
1246,2020,17165.0,PRESIDENT,IL,2789.0,8103.0,SALINE,10892.0,1,74.39,24.39,24.39,19.205,SALINE,IL
1252,2020,17167.0,PRESIDENT,IL,48917.0,53485.0,SANGAMON,102402.0,1,52.23,2.23,2.23,4.34,SANGAMON,IL
1258,2020,17169.0,PRESIDENT,IL,1068.0,2773.0,SCHUYLER,3841.0,1,72.19,22.19,22.19,12.754999999999999,SCHUYLER,IL
1264,2020,17171.0,PRESIDENT,IL,572.0,2114.0,SCOTT,2686.0,1,78.7,28.7,28.7,16.1,SCOTT,IL
1270,2020,17173.0,PRESIDENT,IL,2504.0,9426.0,SHELBY,11930.0,1,79.01,29.01,29.01,16.815,SHELBY,IL
1276,2020,17175.0,PRESIDENT,IL,815.0,2004.0,STARK,2819.0,1,71.09,21.09,21.09,11.16,STARK,IL
1282,2020,17177.0,PRESIDENT,IL,9055.0,12521.0,STEPHENSON,21576.0,1,58.03,8.03,8.03,0.9749999999999996,STEPHENSON,IL
1288,2020,17179.0,PRESIDENT,IL,24819.0,42513.0,TAZEWELL,67332.0,1,63.14,13.14,13.14,7.3100000000000005,TAZEWELL,IL
1294,2020,17181.0,PRESIDENT,IL,2579.0,6161.0,UNION,8740.0,1,70.49,20.49,20.49,14.939999999999998,UNION,IL
1300,2020,17183.0,PRESIDENT,IL,10323.0,20725.0,VERMILION,31048.0,1,66.75,16.75,16.75,12.844999999999999,VERMILION,IL
1306,2020,17185.0,PRESIDENT,IL,1253.0,4237.0,WABASH,5490.0,1,77.18,27.18,27.18,10.629999999999999,WABASH,IL
1312,2020,17187.0,PRESIDENT,IL,3090.0,4676.0,WARREN,7766.0,1,60.21,10.21,10.21,6.680000000000001,WARREN,IL
1318,2020,17189.0,PRESIDENT,IL,1641.0,6115.0,WASHINGTON,7756.0,1,78.84,28.84,28.84,16.5,WASHINGTON,IL
1324,2020,17191.0,PRESIDENT,IL,1187.0,7176.0,WAYNE,8363.0,1,85.81,35.81,35.81,13.965000000000002,WAYNE,IL
1330,2020,17193.0,PRESIDENT,IL,1517.0,5791.0,WHITE,7308.0,1,79.24,29.24,29.24,17.995,WHITE,IL
1336,2020,17195.0,PRESIDENT,IL,12253.0,14527.0,WHITESIDE,26780.0,1,54.25,4.25,4.25,6.199999999999999,WHITESIDE,IL
1342,2020,17197.0,PRESIDENT,IL,183915.0,155116.0,WILL,339031.0,0,54.25,4.25,-4.25,5.845000000000001,WILL,IL
1348,2020,17199.0,PRESIDENT,IL,10206.0,22801.0,WILLIAMSON,33007.0,1,69.08,19.08,19.08,13.2,WILLIAMSON,IL
1354,2020,17201.0,PRESIDENT,IL,64056.0,60861.0,WINNEBAGO,124917.0,0,51.28,1.28,-1.28,1.31,WINNEBAGO,IL
1360,2020,17203.0,PRESIDENT,IL,6160.0,14799.0,WOODFORD,20959.0,1,70.61,20.61,20.61,4.265000000000001,WOODFORD,IL
1366,2020,26001.0,PRESIDENT,MI,2142.0,4848.0,ALCONA,6990.0,1,69.36,19.36,19.36,15.344999999999999,ALCONA,MI
1372,2020,26003.0,PRESIDENT,MI,2053.0,3014.0,ALGER,5067.0,1,59.48,9.48,9.48,10.155000000000001,ALGER,MI
1378,2020,26005.0,PRESIDENT,MI,24449.0,41392.0,ALLEGAN,65841.0,1,62.87,12.87,12.87,0.8850000000000007,ALLEGAN,MI
1384,2020,26007.0,PRESIDENT,MI,6000.0,10686.0,ALPENA,16686.0,1,64.04,14.04,14.04,14.645,ALPENA,MI
1390,2020,26009.0,PRESIDENT,MI,5960.0,9748.0,ANTRIM,15708.0,1,62.06,12.06,12.06,2.38,ANTRIM,MI
1396,2020,26011.0,PRESIDENT,MI,2774.0,5928.0,ARENAC,8702.0,1,68.12,18.12,18.12,18.75,ARENAC,MI
1402,2020,26013.0,PRESIDENT,MI,1478.0,2512.0,BARAGA,3990.0,1,62.96,12.96,12.96,8.49,BARAGA,MI
1408,2020,26015.0,PRESIDENT,MI,11797.0,23471.0,BARRY,35268.0,1,66.55,16.55,16.55,5.2299999999999995,BARRY,MI
1414,2020,26017.0,PRESIDENT,MI,26151.0,33125.0,BAY,59276.0,1,55.88,5.88,5.88,11.79,BAY,MI
1420,2020,26019.0,PRESIDENT,MI,5480.0,6601.0,BENZIE,12081.0,1,54.64,4.64,4.64,1.6900000000000004,BENZIE,MI
1426,2020,26021.0,PRESIDENT,MI,37438.0,43519.0,BERRIEN,80957.0,1,53.76,3.76,3.76,1.315,BERRIEN,MI
1432,2020,26023.0,PRESIDENT,MI,6159.0,14064.0,BRANCH,20223.0,1,69.54,19.54,19.54,11.11,BRANCH,MI
1438,2020,26025.0,PRESIDENT,MI,28877.0,36221.0,CALHOUN,65098.0,1,55.64,5.64,5.64,5.699999999999999,CALHOUN,MI
1444,2020,26027.0,PRESIDENT,MI,9130.0,16699.0,CASS,25829.0,1,64.65,14.65,14.65,9.375,CASS,MI
1450,2020,26029.0,PRESIDENT,MI,6939.0,9841.0,CHARLEVOIX,16780.0,1,58.65,8.65,8.65,2.2350000000000003,CHARLEVOIX,MI
1456,2020,26031.0,PRESIDENT,MI,5437.0,10186.0,CHEBOYGAN,15623.0,1,65.2,15.2,15.2,9.95,CHEBOYGAN,MI
1462,2020,26033.0,PRESIDENT,MI,6648.0,10681.0,CHIPPEWA,17329.0,1,61.64,11.64,11.64,7.255000000000001,CHIPPEWA,MI
1468,2020,26035.0,PRESIDENT,MI,5199.0,10861.0,CLARE,16060.0,1,67.63,17.63,17.63,17.685,CLARE,MI
1474,2020,26037.0,PRESIDENT,MI,21968.0,25098.0,CLINTON,47066.0,1,53.33,3.33,3.33,3.005,CLINTON,MI
1480,2020,26039.0,PRESIDENT,MI,2672.0,5087.0,CRAWFORD,7759.0,1,65.56,15.56,15.56,11.08,CRAWFORD,MI
1486,2020,26041.0,PRESIDENT,MI,7606.0,13207.0,DELTA,20813.0,1,63.46,13.46,13.46,11.670000000000002,DELTA,MI
1492,2020,26043.0,PRESIDENT,MI,4744.0,9617.0,DICKINSON,14361.0,1,66.97,16.97,16.97,11.095,DICKINSON,MI
1498,2020,26045.0,PRESIDENT,MI,31299.0,31798.0,EATON,63097.0,1,50.4,0.4,0.4,2.22,EATON,MI
1504,2020,26047.0,PRESIDENT,MI,9662.0,12135.0,EMMET,21797.0,1,55.67,5.67,5.67,2.665000000000001,EMMET,MI
1510,2020,26049.0,PRESIDENT,MI,119390.0,98714.0,GENESEE,218104.0,0,54.74,4.74,-4.74,7.515,GENESEE,MI
1516,2020,26051.0,PRESIDENT,MI,4524.0,9893.0,GLADWIN,14417.0,1,68.62,18.62,18.62,17.205000000000002,GLADWIN,MI
1522,2020,26053.0,PRESIDENT,MI,3570.0,4600.0,GOGEBIC,8170.0,1,56.3,6.3,6.3,8.97,GOGEBIC,MI
1528,2020,26055.0,PRESIDENT,MI,28683.0,30502.0,GRAND TRAVERSE,59185.0,1,51.54,1.54,1.54,6.36,GRAND TRAVERSE,MI
1534,2020,26057.0,PRESIDENT,MI,6693.0,12102.0,GRATIOT,18795.0,1,64.39,14.39,14.39,7.415000000000001,GRATIOT,MI
1540,2020,26059.0,PRESIDENT,MI,5883.0,17037.0,HILLSDALE,22920.0,1,74.33,24.33,24.33,11.469999999999999,HILLSDALE,MI
1546,2020,26061.0,PRESIDENT,MI,7750.0,10378.0,HOUGHTON,18128.0,1,57.25,7.25,7.25,0.35000000000000053,HOUGHTON,MI
1552,2020,26063.0,PRESIDENT,MI,5490.0,12731.0,HURON,18221.0,1,69.87,19.87,19.87,13.815000000000001,HURON,MI
1558,2020,26065.0,PRESIDENT,MI,94212.0,47639.0,INGHAM,141851.0,0,66.42,16.42,-16.42,6.470000000000001,INGHAM,MI
1564,2020,26067.0,PRESIDENT,MI,10901.0,20657.0,IONIA,31558.0,1,65.46,15.46,15.46,5.800000000000001,IONIA,MI
1570,2020,26069.0,PRESIDENT,MI,5373.0,9759.0,IOSCO,15132.0,1,64.49,14.49,14.49,14.094999999999999,IOSCO,MI
1576,2020,26071.0,PRESIDENT,MI,2493.0,4216.0,IRON,6709.0,1,62.84,12.84,12.84,13.935,IRON,MI
1582,2020,26073.0,PRESIDENT,MI,14072.0,14815.0,ISABELLA,28887.0,1,51.29,1.29,1.29,2.4450000000000003,ISABELLA,MI
1588,2020,26075.0,PRESIDENT,MI,31995.0,47372.0,JACKSON,79367.0,1,59.69,9.69,9.69,5.39,JACKSON,MI
1594,2020,26077.0,PRESIDENT,MI,83686.0,56823.0,KALAMAZOO,140509.0,0,59.56,9.56,-9.56,7.140000000000001,KALAMAZOO,MI
1600,2020,26079.0,PRESIDENT,MI,3002.0,7436.0,KALKASKA,10438.0,1,71.24,21.24,21.24,12.28,KALKASKA,MI
1606,2020,26081.0,PRESIDENT,MI,187915.0,165741.0,KENT,353656.0,0,53.13,3.13,-3.13,10.89,KENT,MI
1612,2020,26083.0,PRESIDENT,MI,672.0,862.0,KEWEENAW,1534.0,1,56.19,6.19,6.19,1.8650000000000002,KEWEENAW,MI
1618,2020,26085.0,PRESIDENT,MI,2288.0,3946.0,LAKE,6234.0,1,63.3,13.3,13.3,16.89,LAKE,MI
1624,2020,26087.0,PRESIDENT,MI,16367.0,35482.0,LAPEER,51849.0,1,68.43,18.43,18.43,11.864999999999998,LAPEER,MI
1630,2020,26089.0,PRESIDENT,MI,8795.0,7916.0,LEELANAU,16711.0,0,52.63,2.63,-2.63,8.344999999999999,LEELANAU,MI
1636,2020,26091.0,PRESIDENT,MI,20918.0,31541.0,LENAWEE,52459.0,1,60.13,10.13,10.13,6.555000000000001,LENAWEE,MI
1642,2020,26093.0,PRESIDENT,MI,48220.0,76982.0,LIVINGSTON,125202.0,1,61.49,11.49,11.49,3.37,LIVINGSTON,MI
1648,2020,26095.0,PRESIDENT,MI,842.0,2109.0,LUCE,2951.0,1,71.47,21.47,21.47,10.084999999999999,LUCE,MI
1654,2020,26097.0,PRESIDENT,MI,2632.0,4304.0,MACKINAC,6936.0,1,62.05,12.05,12.05,6.555000000000001,MACKINAC,MI
1660,2020,26099.0,PRESIDENT,MI,223952.0,263863.0,MACOMB,487815.0,1,54.09,4.09,4.09,5.305,MACOMB,MI
1666,2020,26101.0,PRESIDENT,MI,6107.0,8321.0,MANISTEE,14428.0,1,57.67,7.67,7.67,8.4,MANISTEE,MI
1672,2020,26103.0,PRESIDENT,MI,20465.0,16286.0,MARQUETTE,36751.0,0,55.69,5.69,-5.69,2.1950000000000003,MARQUETTE,MI
1678,2020,26105.0,PRESIDENT,MI,6802.0,10207.0,MASON,17009.0,1,60.01,10.01,10.01,4.8149999999999995,MASON,MI
1684,2020,26107.0,PRESIDENT,MI,7375.0,13267.0,MECOSTA,20642.0,1,64.27,14.27,14.27,8.155000000000001,MECOSTA,MI
1690,2020,26109.0,PRESIDENT,MI,4316.0,8117.0,MENOMINEE,12433.0,1,65.29,15.29,15.29,11.7,MENOMINEE,MI
1696,2020,26111.0,PRESIDENT,MI,20493.0,27675.0,MIDLAND,48168.0,1,57.46,7.46,7.46,1.495,MIDLAND,MI
1702,2020,26113.0,PRESIDENT,MI,1967.0,6648.0,MISSAUKEE,8615.0,1,77.17,27.17,27.17,9.325,MISSAUKEE,MI
1708,2020,26115.0,PRESIDENT,MI,32975.0,52710.0,MONROE,85685.0,1,61.52,11.52,11.52,12.215,MONROE,MI
1714,2020,26117.0,PRESIDENT,MI,9703.0,21815.0,MONTCALM,31518.0,1,69.21,19.21,19.21,11.98,MONTCALM,MI
1720,2020,26119.0,PRESIDENT,MI,1628.0,4171.0,MONTMORENCY,5799.0,1,71.93,21.93,21.93,14.370000000000001,MONTMORENCY,MI
1726,2020,26121.0,PRESIDENT,MI,45643.0,45133.0,MUSKEGON,90776.0,0,50.28,0.28,-0.28,5.164999999999999,MUSKEGON,MI
1732,2020,26123.0,PRESIDENT,MI,7873.0,18857.0,NEWAYGO,26730.0,1,70.55,20.55,20.55,10.850000000000001,NEWAYGO,MI
1738,2020,26125.0,PRESIDENT,MI,434148.0,325971.0,OAKLAND,760119.0,0,57.12,7.12,-7.12,5.27,OAKLAND,MI
1744,2020,26127.0,PRESIDENT,MI,4944.0,8892.0,OCEANA,13836.0,1,64.27,14.27,14.27,8.719999999999999,OCEANA,MI
1750,2020,26129.0,PRESIDENT,MI,3475.0,8253.0,OGEMAW,11728.0,1,70.37,20.37,20.37,19.75,OGEMAW,MI
1756,2020,26131.0,PRESIDENT,MI,1391.0,2358.0,ONTONAGON,3749.0,1,62.9,12.9,12.9,4.885000000000001,ONTONAGON,MI
1762,2020,26133.0,PRESIDENT,MI,3214.0,8928.0,OSCEOLA,12142.0,1,73.53,23.53,23.53,14.16,OSCEOLA,MI
1768,2020,26135.0,PRESIDENT,MI,1342.0,3466.0,OSCODA,4808.0,1,72.09,22.09,22.09,14.745000000000001,OSCODA,MI
1774,2020,26137.0,PRESIDENT,MI,4743.0,9779.0,OTSEGO,14522.0,1,67.34,17.34,17.34,7.765000000000001,OTSEGO,MI
1780,2020,26139.0,PRESIDENT,MI,64705.0,100913.0,OTTAWA,165618.0,1,60.93,10.93,10.93,8.790000000000001,OTTAWA,MI
1786,2020,26141.0,PRESIDENT,MI,2911.0,5342.0,PRESQUE ISLE,8253.0,1,64.73,14.73,14.73,11.575,PRESQUE ISLE,MI
1792,2020,26143.0,PRESIDENT,MI,5166.0,9670.0,ROSCOMMON,14836.0,1,65.18,15.18,15.18,14.85,ROSCOMMON,MI
1798,2020,26145.0,PRESIDENT,MI,51088.0,50785.0,SAGINAW,101873.0,0,50.15,0.15,-0.15,4.744999999999999,SAGINAW,MI
1804,2020,26147.0,PRESIDENT,MI,31363.0,59185.0,ST. CLAIR,90548.0,1,65.36,15.36,15.36,13.705,ST. CLAIR,MI
1810,2020,26149.0,PRESIDENT,MI,9262.0,18127.0,ST. JOSEPH,27389.0,1,66.18,16.18,16.18,5.565,ST. JOSEPH,MI
1816,2020,26151.0,PRESIDENT,MI,5966.0,16194.0,SANILAC,22160.0,1,73.08,23.08,23.08,12.194999999999999,SANILAC,MI
1822,2020,26153.0,PRESIDENT,MI,1589.0,3090.0,SCHOOLCRAFT,4679.0,1,66.04,16.04,16.04,14.524999999999999,SCHOOLCRAFT,MI
1828,2020,26155.0,PRESIDENT,MI,15347.0,23149.0,SHIAWASSEE,38496.0,1,60.13,10.13,10.13,8.35,SHIAWASSEE,MI
1834,2020,26157.0,PRESIDENT,MI,8712.0,20297.0,TUSCOLA,29009.0,1,69.97,19.97,19.97,14.924999999999999,TUSCOLA,MI
1840,2020,26159.0,PRESIDENT,MI,16803.0,21591.0,VAN BUREN,38394.0,1,56.24,6.24,6.24,4.875,VAN BUREN,MI
1846,2020,26161.0,PRESIDENT,MI,157136.0,56241.0,WASHTENAW,213377.0,0,73.64,23.64,-23.64,9.465,WASHTENAW,MI
1852,2020,26163.0,PRESIDENT,MI,597170.0,264553.0,WAYNE,861723.0,0,69.3,19.3,-19.3,0.8249999999999993,WAYNE,MI
1858,2020,26165.0,PRESIDENT,MI,5838.0,12102.0,WEXFORD,17940.0,1,67.46,17.46,17.46,9.715,WEXFORD,MI
1864,2020,48001.0,PRESIDENT,TX,3955.0,15110.0,ANDERSON,19065.0,1,79.26,29.26,29.26,10.845000000000002,ANDERSON,TX
1870,2020,48003.0,PRESIDENT,TX,850.0,4943.0,ANDREWS,5793.0,1,85.33,35.33,35.33,2.4299999999999997,ANDREWS,TX
1876,2020,48005.0,PRESIDENT,TX,9143.0,25076.0,ANGELINA,34219.0,1,73.28,23.28,23.28,8.925,ANGELINA,TX
1882,2020,48007.0,PRESIDENT,TX,2916.0,9239.0,ARANSAS,12155.0,1,76.01,26.01,26.01,6.690000000000003,ARANSAS,TX
1888,2020,48009.0,PRESIDENT,TX,446.0,4300.0,ARCHER,4746.0,1,90.6,40.6,40.6,13.075000000000001,ARCHER,TX
1894,2020,48011.0,PRESIDENT,TX,75.0,1035.0,ARMSTRONG,1110.0,1,93.24,43.24,43.24,9.735000000000003,ARMSTRONG,TX
1900,2020,48013.0,PRESIDENT,TX,5876.0,12039.0,ATASCOSA,17915.0,1,67.2,17.2,17.2,4.89,ATASCOSA,TX
1906,2020,48015.0,PRESIDENT,TX,2951.0,11447.0,AUSTIN,14398.0,1,79.5,29.5,29.5,5.4399999999999995,AUSTIN,TX
1912,2020,48017.0,PRESIDENT,TX,409.0,1434.0,BAILEY,1843.0,1,77.81,27.81,27.81,0.5400000000000009,BAILEY,TX
1918,2020,48019.0,PRESIDENT,TX,2505.0,10057.0,BANDERA,12562.0,1,80.06,30.06,30.06,1.4549999999999983,BANDERA,TX
1924,2020,48021.0,PRESIDENT,TX,15474.0,20516.0,BASTROP,35990.0,1,57.0,7.0,7.0,0.8150000000000004,BASTROP,TX
1930,2020,48023.0,PRESIDENT,TX,183.0,1494.0,BAYLOR,1677.0,1,89.09,39.09,39.09,19.285000000000004,BAYLOR,TX
1936,2020,48025.0,PRESIDENT,TX,3288.0,6006.0,BEE,9294.0,1,64.62,14.62,14.62,5.705,BEE,TX
1942,2020,48027.0,PRESIDENT,TX,57014.0,67893.0,BELL,124907.0,1,54.35,4.35,4.35,9.86,BELL,TX
1948,2020,48029.0,PRESIDENT,TX,448452.0,308618.0,BEXAR,757070.0,0,59.24,9.24,-9.24,12.690000000000001,BEXAR,TX
1954,2020,48031.0,PRESIDENT,TX,1911.0,5443.0,BLANCO,7354.0,1,74.01,24.01,24.01,1.045,BLANCO,TX
1960,2020,48033.0,PRESIDENT,TX,16.0,397.0,BORDEN,413.0,1,96.13,46.13,46.13,10.434999999999999,BORDEN,TX
1966,2020,48035.0,PRESIDENT,TX,1561.0,7469.0,BOSQUE,9030.0,1,82.71,32.71,32.71,9.435,BOSQUE,TX
1972,2020,48037.0,PRESIDENT,TX,10747.0,27116.0,BOWIE,37863.0,1,71.62,21.62,21.62,9.805,BOWIE,TX
1978,2020,48039.0,PRESIDENT,TX,62228.0,90433.0,BRAZORIA,152661.0,1,59.24,9.24,9.24,7.5,BRAZORIA,TX
1984,2020,48041.0,PRESIDENT,TX,35349.0,47530.0,BRAZOS,82879.0,1,57.35,7.35,7.35,11.340000000000002,BRAZOS,TX
1990,2020,48043.0,PRESIDENT,TX,2258.0,2461.0,BREWSTER,4719.0,1,52.15,2.15,2.15,3.3500000000000005,BREWSTER,TX
1996,2020,48045.0,PRESIDENT,TX,78.0,639.0,BRISCOE,717.0,1,89.12,39.12,39.12,14.565,BRISCOE,TX
2002,2020,48047.0,PRESIDENT,TX,1470.0,998.0,BROOKS,2468.0,0,59.56,9.56,-9.56,4.869999999999998,BROOKS,TX
2008,2020,48049.0,PRESIDENT,TX,2107.0,13698.0,BROWN,15805.0,1,86.67,36.67,36.67,8.605000000000002,BROWN,TX
2014,2020,48051.0,PRESIDENT,TX,1788.0,6743.0,BURLESON,8531.0,1,79.04,29.04,29.04,14.95,BURLESON,TX
2020,2020,48053.0,PRESIDENT,TX,5639.0,18767.0,BURNET,24406.0,1,76.9,26.9,26.9,5.289999999999997,BURNET,TX
2026,2020,48055.0,PRESIDENT,TX,6672.0,8031.0,CALDWELL,14703.0,1,54.62,4.62,4.62,1.13,CALDWELL,TX
2032,2020,48057.0,PRESIDENT,TX,2148.0,5641.0,CALHOUN,7789.0,1,72.42,22.42,22.42,10.38,CALHOUN,TX
2038,2020,48059.0,PRESIDENT,TX,734.0,6012.0,CALLAHAN,6746.0,1,89.12,39.12,39.12,11.034999999999998,CALLAHAN,TX
2044,2020,48061.0,PRESIDENT,TX,64063.0,49032.0,CAMERON,113095.0,0,56.65,6.65,-6.65,9.815,CAMERON,TX
2050,2020,48063.0,PRESIDENT,TX,1394.0,3626.0,CAMP,5020.0,1,72.23,22.23,22.23,13.815000000000001,CAMP,TX
2056,2020,48065.0,PRESIDENT,TX,297.0,2779.0,CARSON,3076.0,1,90.34,40.34,40.34,7.990000000000002,CARSON,TX
2062,2020,48067.0,PRESIDENT,TX,2795.0,11033.0,CASS,13828.0,1,79.79,29.79,29.79,20.46,CASS,TX
2068,2020,48069.0,PRESIDENT,TX,466.0,1602.0,CASTRO,2068.0,1,77.47,27.47,27.47,3.764999999999999,CASTRO,TX
2074,2020,48071.0,PRESIDENT,TX,3997.0,17353.0,CHAMBERS,21350.0,1,81.28,31.28,31.28,9.305,CHAMBERS,TX
2080,2020,48073.0,PRESIDENT,TX,4210.0,15101.0,CHEROKEE,19311.0,1,78.2,28.2,28.2,9.154999999999998,CHEROKEE,TX
2086,2020,48075.0,PRESIDENT,TX,310.0,1943.0,CHILDRESS,2253.0,1,86.24,36.24,36.24,13.184999999999999,CHILDRESS,TX
2092,2020,48077.0,PRESIDENT,TX,614.0,5069.0,CLAY,5683.0,1,89.2,39.2,39.2,17.435000000000002,CLAY,TX
2098,2020,48079.0,PRESIDENT,TX,177.0,809.0,COCHRAN,986.0,1,82.05,32.05,32.05,6.305,COCHRAN,TX
2104,2020,48081.0,PRESIDENT,TX,178.0,1586.0,COKE,1764.0,1,89.91,39.91,39.91,10.159999999999997,COKE,TX
2110,2020,48083.0,PRESIDENT,TX,451.0,3641.0,COLEMAN,4092.0,1,88.98,38.98,38.98,11.299999999999997,COLEMAN,TX
2116,2020,48085.0,PRESIDENT,TX,230945.0,252318.0,COLLIN,483263.0,1,52.21,2.21,2.21,17.775,COLLIN,TX
2122,2020,48087.0,PRESIDENT,TX,155.0,1048.0,COLLINGSWORTH,1203.0,1,87.12,37.12,37.12,14.809999999999997,COLLINGSWORTH,TX
2128,2020,48089.0,PRESIDENT,TX,2420.0,7472.0,COLORADO,9892.0,1,75.54,25.54,25.54,5.545,COLORADO,TX
2134,2020,48091.0,PRESIDENT,TX,24826.0,62740.0,COMAL,87566.0,1,71.65,21.65,21.65,3.695000000000002,COMAL,TX
2140,2020,48093.0,PRESIDENT,TX,853.0,5177.0,COMANCHE,6030.0,1,85.85,35.85,35.85,15.330000000000002,COMANCHE,TX
2146,2020,48095.0,PRESIDENT,TX,197.0,1058.0,CONCHO,1255.0,1,84.3,34.3,34.3,8.754999999999999,CONCHO,TX
2152,2020,48097.0,PRESIDENT,TX,3210.0,15596.0,COOKE,18806.0,1,82.93,32.93,32.93,6.204999999999998,COOKE,TX
2158,2020,48099.0,PRESIDENT,TX,7565.0,15438.0,CORYELL,23003.0,1,67.11,17.11,17.11,2.365,CORYELL,TX
2164,2020,48101.0,PRESIDENT,TX,113.0,540.0,COTTLE,653.0,1,82.7,32.7,32.7,13.905000000000001,COTTLE,TX
2170,2020,48103.0,PRESIDENT,TX,241.0,1247.0,CRANE,1488.0,1,83.8,33.8,33.8,0.7599999999999998,CRANE,TX
2176,2020,48105.0,PRESIDENT,TX,344.0,1220.0,CROCKETT,1564.0,1,78.01,28.01,28.01,5.775,CROCKETT,TX
2182,2020,48107.0,PRESIDENT,TX,527.0,1396.0,CROSBY,1923.0,1,72.59,22.59,22.59,3.66,CROSBY,TX
2188,2020,48109.0,PRESIDENT,TX,438.0,415.0,CULBERSON,853.0,0,51.35,1.35,-1.35,3.4850000000000003,CULBERSON,TX
2194,2020,48111.0,PRESIDENT,TX,197.0,1389.0,DALLAM,1586.0,1,87.58,37.58,37.58,4.76,DALLAM,TX
2200,2020,48113.0,PRESIDENT,TX,598576.0,307076.0,DALLAS,905652.0,0,66.09,16.09,-16.09,17.205,DALLAS,TX
2206,2020,48115.0,PRESIDENT,TX,808.0,2951.0,DAWSON,3759.0,1,78.5,28.5,28.5,4.75,DAWSON,TX
2212,2020,48117.0,PRESIDENT,TX,1264.0,3294.0,DEAF SMITH,4558.0,1,72.27,22.27,22.27,5.0,DEAF SMITH,TX
2218,2020,48119.0,PRESIDENT,TX,403.0,2162.0,DELTA,2565.0,1,84.29,34.29,34.29,17.735,DELTA,TX
2224,2020,48121.0,PRESIDENT,TX,188695.0,222480.0,DENTON,411175.0,1,54.11,4.11,4.11,13.715,DENTON,TX
2230,2020,48123.0,PRESIDENT,TX,1494.0,6567.0,DEWITT,8061.0,1,81.47,31.47,31.47,6.875,DEWITT,TX
2236,2020,48125.0,PRESIDENT,TX,130.0,853.0,DICKENS,983.0,1,86.78,36.78,36.78,13.96,DICKENS,TX
2242,2020,48127.0,PRESIDENT,TX,2264.0,1384.0,DIMMIT,3648.0,0,62.06,12.06,-12.06,3.8149999999999986,DIMMIT,TX
2248,2020,48129.0,PRESIDENT,TX,198.0,1438.0,DONLEY,1636.0,1,87.9,37.9,37.9,7.649999999999999,DONLEY,TX
2254,2020,48131.0,PRESIDENT,TX,2575.0,2443.0,DUVAL,5018.0,0,51.32,1.32,-1.32,16.064999999999998,DUVAL,TX
2260,2020,48133.0,PRESIDENT,TX,983.0,7237.0,EASTLAND,8220.0,1,88.04,38.04,38.04,13.955,EASTLAND,TX
2266,2020,48135.0,PRESIDENT,TX,11367.0,32697.0,ECTOR,44064.0,1,74.2,24.2,24.2,1.0600000000000005,ECTOR,TX
2272,2020,48137.0,PRESIDENT,TX,168.0,893.0,EDWARDS,1061.0,1,84.17,34.17,34.17,3.6799999999999997,EDWARDS,TX
2278,2020,48139.0,PRESIDENT,TX,27565.0,56717.0,ELLIS,84282.0,1,67.29,17.29,17.29,4.965,ELLIS,TX
2284,2020,48141.0,PRESIDENT,TX,178126.0,84331.0,EL PASO,262457.0,0,67.87,17.87,-17.87,12.39,EL PASO,TX
2290,2020,48143.0,PRESIDENT,TX,2916.0,13684.0,ERATH,16600.0,1,82.43,32.43,32.43,7.050000000000001,ERATH,TX
2296,2020,48145.0,PRESIDENT,TX,1899.0,4177.0,FALLS,6076.0,1,68.75,18.75,18.75,9.945,FALLS,TX
2302,2020,48147.0,PRESIDENT,TX,2655.0,12171.0,FANNIN,14826.0,1,82.09,32.09,32.09,18.895000000000003,FANNIN,TX
2308,2020,48149.0,PRESIDENT,TX,2661.0,10171.0,FAYETTE,12832.0,1,79.26,29.26,29.26,7.164999999999999,FAYETTE,TX
2314,2020,48151.0,PRESIDENT,TX,352.0,1448.0,FISHER,1800.0,1,80.44,30.44,30.44,21.755000000000003,FISHER,TX
2320,2020,48153.0,PRESIDENT,TX,438.0,1584.0,FLOYD,2022.0,1,78.34,28.34,28.34,0.8950000000000014,FLOYD,TX
2326,2020,48155.0,PRESIDENT,TX,99.0,445.0,FOARD,544.0,1,81.8,31.8,31.8,23.655,FOARD,TX
2332,2020,48157.0,PRESIDENT,TX,195552.0,157718.0,FORT BEND,353270.0,0,55.35,5.35,-5.35,13.6,FORT BEND,TX
2338,2020,48159.0,PRESIDENT,TX,804.0,4161.0,FRANKLIN,4965.0,1,83.81,33.81,33.81,10.930000000000001,FRANKLIN,TX
2344,2020,48161.0,PRESIDENT,TX,1635.0,6991.0,FREESTONE,8626.0,1,81.05,31.05,31.05,12.879999999999999,FREESTONE,TX
2350,2020,48163.0,PRESIDENT,TX,2422.0,2823.0,FRIO,5245.0,1,53.82,3.82,3.82,1.63,FRIO,TX
2356,2020,48165.0,PRESIDENT,TX,576.0,5355.0,GAINES,5931.0,1,90.29,40.29,40.29,6.439999999999998,GAINES,TX
2362,2020,48167.0,PRESIDENT,TX,58842.0,93911.0,GALVESTON,152753.0,1,61.48,11.48,11.48,5.15,GALVESTON,TX
2368,2020,48169.0,PRESIDENT,TX,231.0,1413.0,GARZA,1644.0,1,85.95,35.95,35.95,7.020000000000001,GARZA,TX
2374,2020,48171.0,PRESIDENT,TX,3176.0,12514.0,GILLESPIE,15690.0,1,79.76,29.76,29.76,2.0150000000000006,GILLESPIE,TX
2380,2020,48173.0,PRESIDENT,TX,39.0,611.0,GLASSCOCK,650.0,1,94.0,44.0,44.0,1.6800000000000033,GLASSCOCK,TX
2386,2020,48175.0,PRESIDENT,TX,877.0,3085.0,GOLIAD,3962.0,1,77.86,27.86,27.86,11.330000000000002,GOLIAD,TX
2392,2020,48177.0,PRESIDENT,TX,1948.0,5627.0,GONZALES,7575.0,1,74.28,24.28,24.28,4.35,GONZALES,TX
2398,2020,48179.0,PRESIDENT,TX,829.0,6840.0,GRAY,7669.0,1,89.19,39.19,39.19,5.754999999999999,GRAY,TX
2404,2020,48181.0,PRESIDENT,TX,14506.0,44163.0,GRAYSON,58669.0,1,75.27,25.27,25.27,8.940000000000001,GRAYSON,TX
2410,2020,48183.0,PRESIDENT,TX,14796.0,32493.0,GREGG,47289.0,1,68.71,18.71,18.71,1.4450000000000003,GREGG,TX
2416,2020,48185.0,PRESIDENT,TX,2833.0,9432.0,GRIMES,12265.0,1,76.9,26.9,26.9,12.035,GRIMES,TX
2422,2020,48187.0,PRESIDENT,TX,28805.0,47553.0,GUADALUPE,76358.0,1,62.28,12.28,12.28,8.265,GUADALUPE,TX
2428,2020,48189.0,PRESIDENT,TX,2279.0,7177.0,HALE,9456.0,1,75.9,25.9,25.9,2.215,HALE,TX
2434,2020,48191.0,PRESIDENT,TX,168.0,995.0,HALL,1163.0,1,85.55,35.55,35.55,17.644999999999996,HALL,TX
2440,2020,48193.0,PRESIDENT,TX,641.0,3616.0,HAMILTON,4257.0,1,84.94,34.94,34.94,10.324999999999998,HAMILTON,TX
2446,2020,48195.0,PRESIDENT,TX,166.0,1849.0,HANSFORD,2015.0,1,91.76,41.76,41.76,1.7600000000000016,HANSFORD,TX
2452,2020,48197.0,PRESIDENT,TX,241.0,1330.0,HARDEMAN,1571.0,1,84.66,34.66,34.66,16.305,HARDEMAN,TX
2458,2020,48199.0,PRESIDENT,TX,3474.0,23858.0,HARDIN,27332.0,1,87.29,37.29,37.29,16.955,HARDIN,TX
2464,2020,48201.0,PRESIDENT,TX,918193.0,700630.0,HARRIS,1618823.0,0,56.72,6.72,-6.72,12.079999999999998,HARRIS,TX
2470,2020,48203.0,PRESIDENT,TX,7908.0,21466.0,HARRISON,29374.0,1,73.08,23.08,23.08,10.739999999999998,HARRISON,TX
2476,2020,48205.0,PRESIDENT,TX,195.0,1868.0,HARTLEY,2063.0,1,90.55,40.55,40.55,7.364999999999995,HARTLEY,TX
2482,2020,48207.0,PRESIDENT,TX,353.0,1840.0,HASKELL,2193.0,1,83.9,33.9,33.9,25.064999999999998,HASKELL,TX
2488,2020,48209.0,PRESIDENT,TX,59524.0,47680.0,HAYS,107204.0,0,55.52,5.52,-5.52,13.16,HAYS,TX
2494,2020,48211.0,PRESIDENT,TX,206.0,1486.0,HEMPHILL,1692.0,1,87.83,37.83,37.83,4.884999999999998,HEMPHILL,TX
2500,2020,48213.0,PRESIDENT,TX,7060.0,28911.0,HENDERSON,35971.0,1,80.37,30.37,30.37,12.520000000000001,HENDERSON,TX
2506,2020,48215.0,PRESIDENT,TX,128199.0,90527.0,HIDALGO,218726.0,0,58.61,8.61,-8.61,6.465,HIDALGO,TX
2512,2020,48217.0,PRESIDENT,TX,2860.0,11926.0,HILL,14786.0,1,80.66,30.66,30.66,11.375,HILL,TX
2518,2020,48219.0,PRESIDENT,TX,1482.0,6536.0,HOCKLEY,8018.0,1,81.52,31.52,31.52,1.790000000000001,HOCKLEY,TX
2524,2020,48221.0,PRESIDENT,TX,5648.0,26496.0,HOOD,32144.0,1,82.43,32.43,32.43,8.555000000000001,HOOD,TX
2530,2020,48223.0,PRESIDENT,TX,3046.0,12719.0,HOPKINS,15765.0,1,80.68,30.68,30.68,12.305,HOPKINS,TX
2536,2020,48225.0,PRESIDENT,TX,2314.0,7060.0,HOUSTON,9374.0,1,75.31,25.31,25.31,9.624999999999998,HOUSTON,TX
2542,2020,48227.0,PRESIDENT,TX,2069.0,8054.0,HOWARD,10123.0,1,79.56,29.56,29.56,6.954999999999998,HOWARD,TX
2548,2020,48229.0,PRESIDENT,TX,371.0,779.0,HUDSPETH,1150.0,1,67.74,17.74,17.74,2.714999999999999,HUDSPETH,TX
2554,2020,48231.0,PRESIDENT,TX,8906.0,29163.0,HUNT,38069.0,1,76.61,26.61,26.61,8.315,HUNT,TX
2560,2020,48233.0,PRESIDENT,TX,965.0,7681.0,HUTCHINSON,8646.0,1,88.84,38.84,38.84,6.775000000000004,HUTCHINSON,TX
2566,2020,48235.0,PRESIDENT,TX,120.0,759.0,IRION,879.0,1,86.35,36.35,36.35,6.025000000000002,IRION,TX
2572,2020,48237.0,PRESIDENT,TX,331.0,3418.0,JACK,3749.0,1,91.17,41.17,41.17,15.170000000000002,JACK,TX
2578,2020,48239.0,PRESIDENT,TX,1033.0,5231.0,JACKSON,6264.0,1,83.51,33.51,33.51,10.839999999999998,JACKSON,TX
2584,2020,48241.0,PRESIDENT,TX,2954.0,12542.0,JASPER,15496.0,1,80.94,30.94,30.94,17.63,JASPER,TX
2590,2020,48243.0,PRESIDENT,TX,501.0,784.0,JEFF DAVIS,1285.0,1,61.01,11.01,11.01,7.555,JEFF DAVIS,TX
2596,2020,48245.0,PRESIDENT,TX,46073.0,47570.0,JEFFERSON,93643.0,1,50.8,0.8,0.8,2.7300000000000004,JEFFERSON,TX
2602,2020,48247.0,PRESIDENT,TX,1197.0,833.0,JIM HOGG,2030.0,0,58.97,8.97,-8.97,7.379999999999999,JIM HOGG,TX
2608,2020,48249.0,PRESIDENT,TX,6119.0,7453.0,JIM WELLS,13572.0,1,54.91,4.91,4.91,7.94,JIM WELLS,TX
2614,2020,48251.0,PRESIDENT,TX,16464.0,54628.0,JOHNSON,71092.0,1,76.84,26.84,26.84,7.075000000000001,JOHNSON,TX
2620,2020,48253.0,PRESIDENT,TX,999.0,5660.0,JONES,6659.0,1,85.0,35.0,35.0,14.270000000000001,JONES,TX
2626,2020,48255.0,PRESIDENT,TX,1234.0,3968.0,KARNES,5202.0,1,76.28,26.28,26.28,9.775,KARNES,TX
2632,2020,48257.0,PRESIDENT,TX,18405.0,37624.0,KAUFMAN,56029.0,1,67.15,17.15,17.15,5.135000000000002,KAUFMAN,TX
2638,2020,48259.0,PRESIDENT,TX,6020.0,20083.0,KENDALL,26103.0,1,76.94,26.94,26.94,2.9899999999999984,KENDALL,TX
2644,2020,48261.0,PRESIDENT,TX,65.0,127.0,KENEDY,192.0,1,66.15,16.15,16.15,9.129999999999999,KENEDY,TX
2650,2020,48263.0,PRESIDENT,TX,47.0,411.0,KENT,458.0,1,89.74,39.74,39.74,18.520000000000003,KENT,TX
2656,2020,48265.0,PRESIDENT,TX,6524.0,20879.0,KERR,27403.0,1,76.19,26.19,26.19,1.3949999999999978,KERR,TX
2662,2020,48267.0,PRESIDENT,TX,284.0,1987.0,KIMBLE,2271.0,1,87.49,37.49,37.49,7.295,KIMBLE,TX
2668,2020,48269.0,PRESIDENT,TX,8.0,151.0,KING,159.0,1,94.97,44.97,44.97,6.890000000000001,KING,TX
2674,2020,48271.0,PRESIDENT,TX,446.0,1144.0,KINNEY,1590.0,1,71.95,21.95,21.95,3.6899999999999995,KINNEY,TX
2680,2020,48273.0,PRESIDENT,TX,5314.0,5504.0,KLEBERG,10818.0,1,50.88,0.88,0.88,2.7,KLEBERG,TX
2686,2020,48275.0,PRESIDENT,TX,265.0,1180.0,KNOX,1445.0,1,81.66,31.66,31.66,16.25,KNOX,TX
2692,2020,48277.0,PRESIDENT,TX,4458.0,16760.0,LAMAR,21218.0,1,78.99,28.99,28.99,13.08,LAMAR,TX
2698,2020,48279.0,PRESIDENT,TX,840.0,3521.0,LAMB,4361.0,1,80.74,30.74,30.74,2.679999999999998,LAMB,TX
2704,2020,48281.0,PRESIDENT,TX,2144.0,8086.0,LAMPASAS,10230.0,1,79.04,29.04,29.04,4.3199999999999985,LAMPASAS,TX
2710,2020,48283.0,PRESIDENT,TX,1052.0,1335.0,LA SALLE,2387.0,1,55.93,5.93,5.93,9.16,LA SALLE,TX
2716,2020,48285.0,PRESIDENT,TX,1333.0,8804.0,LAVACA,10137.0,1,86.85,36.85,36.85,14.35,LAVACA,TX
2722,2020,48287.0,PRESIDENT,TX,1750.0,6255.0,LEE,8005.0,1,78.14,28.14,28.14,9.92,LEE,TX
2728,2020,48289.0,PRESIDENT,TX,1072.0,7523.0,LEON,8595.0,1,87.53,37.53,37.53,15.61,LEON,TX
2734,2020,48291.0,PRESIDENT,TX,5785.0,23302.0,LIBERTY,29087.0,1,80.11,30.11,30.11,14.005,LIBERTY,TX
2740,2020,48293.0,PRESIDENT,TX,2213.0,6789.0,LIMESTONE,9002.0,1,75.42,25.42,25.42,13.485,LIMESTONE,TX
2746,2020,48295.0,PRESIDENT,TX,131.0,1205.0,LIPSCOMB,1336.0,1,90.19,40.19,40.19,4.849999999999998,LIPSCOMB,TX
2752,2020,48297.0,PRESIDENT,TX,819.0,4199.0,LIVE OAK,5018.0,1,83.68,33.68,33.68,9.535,LIVE OAK,TX
2758,2020,48299.0,PRESIDENT,TX,2465.0,10079.0,LLANO,12544.0,1,80.35,30.35,30.35,5.74,LLANO,TX
2764,2020,48301.0,PRESIDENT,TX,4.0,60.0,LOVING,64.0,1,93.75,43.75,43.75,10.914999999999997,LOVING,TX
2770,2020,48303.0,PRESIDENT,TX,40017.0,78861.0,LUBBOCK,118878.0,1,66.34,16.34,16.34,7.265000000000001,LUBBOCK,TX
2776,2020,48305.0,PRESIDENT,TX,428.0,1853.0,LYNN,2281.0,1,81.24,31.24,31.24,4.67,LYNN,TX
2782,2020,48307.0,PRESIDENT,TX,490.0,2904.0,MCCULLOCH,3394.0,1,85.56,35.56,35.56,10.235000000000001,MCCULLOCH,TX
2788,2020,48309.0,PRESIDENT,TX,36688.0,59543.0,MCLENNAN,96231.0,1,61.88,11.88,11.88,2.6549999999999985,MCLENNAN,TX
2794,2020,48311.0,PRESIDENT,TX,53.0,460.0,MCMULLEN,513.0,1,89.67,39.67,39.67,8.085,MCMULLEN,TX
2800,2020,48313.0,PRESIDENT,TX,1088.0,4169.0,MADISON,5257.0,1,79.3,29.3,29.3,11.765,MADISON,TX
2806,2020,48315.0,PRESIDENT,TX,1339.0,3470.0,MARION,4809.0,1,72.16,22.16,22.16,17.615000000000002,MARION,TX
2812,2020,48317.0,PRESIDENT,TX,288.0,1857.0,MARTIN,2145.0,1,86.57,36.57,36.57,4.269999999999998,MARTIN,TX
2818,2020,48319.0,PRESIDENT,TX,457.0,1991.0,MASON,2448.0,1,81.33,31.33,31.33,4.789999999999999,MASON,TX
2824,2020,48321.0,PRESIDENT,TX,3733.0,9845.0,MATAGORDA,13578.0,1,72.51,22.51,22.51,8.080000000000002,MATAGORDA,TX
2830,2020,48323.0,PRESIDENT,TX,8332.0,6881.0,MAVERICK,15213.0,0,54.77,4.77,-4.77,8.975000000000001,MAVERICK,TX
2836,2020,48325.0,PRESIDENT,TX,6773.0,15642.0,MEDINA,22415.0,1,69.78,19.78,19.78,2.5150000000000006,MEDINA,TX
2842,2020,48327.0,PRESIDENT,TX,197.0,823.0,MENARD,1020.0,1,80.69,30.69,30.69,13.399999999999999,MENARD,TX
2848,2020,48329.0,PRESIDENT,TX,12329.0,45624.0,MIDLAND,57953.0,1,78.73,28.73,28.73,2.679999999999998,MIDLAND,TX
2854,2020,48331.0,PRESIDENT,TX,2496.0,7984.0,MILAM,10480.0,1,76.18,26.18,26.18,16.695,MILAM,TX
2860,2020,48333.0,PRESIDENT,TX,271.0,2217.0,MILLS,2488.0,1,89.11,39.11,39.11,10.41,MILLS,TX
2866,2020,48335.0,PRESIDENT,TX,397.0,2170.0,MITCHELL,2567.0,1,84.53,34.53,34.53,12.94,MITCHELL,TX
2872,2020,48337.0,PRESIDENT,TX,1097.0,8615.0,MONTAGUE,9712.0,1,88.7,38.7,38.7,17.125,MONTAGUE,TX
2878,2020,48339.0,PRESIDENT,TX,74377.0,193382.0,MONTGOMERY,267759.0,1,72.22,22.22,22.22,3.630000000000001,MONTGOMERY,TX
2884,2020,48341.0,PRESIDENT,TX,1062.0,4359.0,MOORE,5421.0,1,80.41,30.41,30.41,1.6999999999999993,MOORE,TX
2890,2020,48343.0,PRESIDENT,TX,1669.0,3872.0,MORRIS,5541.0,1,69.88,19.88,19.88,18.884999999999998,MORRIS,TX
2896,2020,48345.0,PRESIDENT,TX,46.0,604.0,MOTLEY,650.0,1,92.92,42.92,42.92,10.84,MOTLEY,TX
2902,2020,48347.0,PRESIDENT,TX,9000.0,17378.0,NACOGDOCHES,26378.0,1,65.88,15.88,15.88,0.47499999999999876,NACOGDOCHES,TX
2908,2020,48349.0,PRESIDENT,TX,5101.0,13800.0,NAVARRO,18901.0,1,73.01,23.01,23.01,10.005000000000003,NAVARRO,TX
2914,2020,48351.0,PRESIDENT,TX,1173.0,4882.0,NEWTON,6055.0,1,80.63,30.63,30.63,27.259999999999998,NEWTON,TX
2920,2020,48353.0,PRESIDENT,TX,1162.0,4131.0,NOLAN,5293.0,1,78.05,28.05,28.05,10.415000000000001,NOLAN,TX
2926,2020,48355.0,PRESIDENT,TX,60925.0,64617.0,NUECES,125542.0,1,51.47,1.47,1.47,3.6650000000000005,NUECES,TX
2932,2020,48357.0,PRESIDENT,TX,302.0,2812.0,OCHILTREE,3114.0,1,90.3,40.3,40.3,1.3450000000000024,OCHILTREE,TX
2938,2020,48359.0,PRESIDENT,TX,81.0,917.0,OLDHAM,998.0,1,91.88,41.88,41.88,5.195000000000004,OLDHAM,TX
2944,2020,48361.0,PRESIDENT,TX,6357.0,29186.0,ORANGE,35543.0,1,82.11,32.11,32.11,20.284999999999997,ORANGE,TX
2950,2020,48363.0,PRESIDENT,TX,2178.0,10179.0,PALO PINTO,12357.0,1,82.37,32.37,32.37,15.009999999999996,PALO PINTO,TX
2956,2020,48365.0,PRESIDENT,TX,2057.0,9326.0,PANOLA,11383.0,1,81.93,31.93,31.93,13.615,PANOLA,TX
2962,2020,48367.0,PRESIDENT,TX,13017.0,62045.0,PARKER,75062.0,1,82.66,32.66,32.66,8.364999999999998,PARKER,TX
2968,2020,48369.0,PRESIDENT,TX,488.0,2135.0,PARMER,2623.0,1,81.4,31.4,31.4,4.155000000000001,PARMER,TX
2974,2020,48371.0,PRESIDENT,TX,1382.0,3215.0,PECOS,4597.0,1,69.94,19.94,19.94,2.1099999999999985,PECOS,TX
2980,2020,48373.0,PRESIDENT,TX,5387.0,18573.0,POLK,23960.0,1,77.52,27.52,27.52,13.2,POLK,TX
2986,2020,48375.0,PRESIDENT,TX,9921.0,22820.0,POTTER,32741.0,1,69.7,19.7,19.7,2.7200000000000006,POTTER,TX
2992,2020,48377.0,PRESIDENT,TX,1463.0,721.0,PRESIDIO,2184.0,0,66.99,16.99,-16.99,5.49,PRESIDIO,TX
2998,2020,48379.0,PRESIDENT,TX,842.0,5155.0,RAINS,5997.0,1,85.96,35.96,35.96,19.265,RAINS,TX
3004,2020,48381.0,PRESIDENT,TX,12802.0,50796.0,RANDALL,63598.0,1,79.87,29.87,29.87,2.6450000000000014,RANDALL,TX
3010,2020,48383.0,PRESIDENT,TX,172.0,942.0,REAGAN,1114.0,1,84.56,34.56,34.56,2.1800000000000015,REAGAN,TX
3016,2020,48385.0,PRESIDENT,TX,320.0,1643.0,REAL,1963.0,1,83.7,33.7,33.7,4.600000000000001,REAL,TX
3022,2020,48387.0,PRESIDENT,TX,1246.0,4517.0,RED RIVER,5763.0,1,78.38,28.38,28.38,18.515,RED RIVER,TX
3028,2020,48389.0,PRESIDENT,TX,1395.0,2254.0,REEVES,3649.0,1,61.77,11.77,11.77,7.369999999999999,REEVES,TX
3034,2020,48391.0,PRESIDENT,TX,1108.0,2210.0,REFUGIO,3318.0,1,66.61,16.61,16.61,3.3949999999999996,REFUGIO,TX
3040,2020,48393.0,PRESIDENT,TX,17.0,529.0,ROBERTS,546.0,1,96.89,46.89,46.89,7.760000000000002,ROBERTS,TX
3046,2020,48395.0,PRESIDENT,TX,2374.0,5646.0,ROBERTSON,8020.0,1,70.4,20.4,20.4,17.265,ROBERTSON,TX
3052,2020,48397.0,PRESIDENT,TX,16412.0,36726.0,ROCKWALL,53138.0,1,69.11,19.11,19.11,7.140000000000001,ROCKWALL,TX
3058,2020,48399.0,PRESIDENT,TX,552.0,3807.0,RUNNELS,4359.0,1,87.34,37.34,37.34,9.525000000000002,RUNNELS,TX
3064,2020,48401.0,PRESIDENT,TX,4629.0,16534.0,RUSK,21163.0,1,78.13,28.13,28.13,6.6,RUSK,TX
3070,2020,48403.0,PRESIDENT,TX,669.0,4784.0,SABINE,5453.0,1,87.73,37.73,37.73,22.61,SABINE,TX
3076,2020,48405.0,PRESIDENT,TX,980.0,3007.0,SAN AUGUSTINE,3987.0,1,75.42,25.42,25.42,16.759999999999998,SAN AUGUSTINE,TX
3082,2020,48407.0,PRESIDENT,TX,2337.0,10161.0,SAN JACINTO,12498.0,1,81.3,31.3,31.3,16.650000000000002,SAN JACINTO,TX
3088,2020,48409.0,PRESIDENT,TX,8988.0,16516.0,SAN PATRICIO,25504.0,1,64.76,14.76,14.76,3.09,SAN PATRICIO,TX
3094,2020,48411.0,PRESIDENT,TX,287.0,2308.0,SAN SABA,2595.0,1,88.94,38.94,38.94,12.444999999999999,SAN SABA,TX
3100,2020,48413.0,PRESIDENT,TX,211.0,940.0,SCHLEICHER,1151.0,1,81.67,31.67,31.67,7.029999999999999,SCHLEICHER,TX
3106,2020,48415.0,PRESIDENT,TX,818.0,4983.0,SCURRY,5801.0,1,85.9,35.9,35.9,6.004999999999999,SCURRY,TX
3112,2020,48417.0,PRESIDENT,TX,130.0,1484.0,SHACKELFORD,1614.0,1,91.95,41.95,41.95,9.955000000000002,SHACKELFORD,TX
3118,2020,48419.0,PRESIDENT,TX,2068.0,7975.0,SHELBY,10043.0,1,79.41,29.41,29.41,13.92,SHELBY,TX
3124,2020,48421.0,PRESIDENT,TX,91.0,886.0,SHERMAN,977.0,1,90.69,40.69,40.69,2.1499999999999986,SHERMAN,TX
3130,2020,48423.0,PRESIDENT,TX,29615.0,69080.0,SMITH,98695.0,1,69.99,19.99,19.99,1.445000000000002,SMITH,TX
3136,2020,48425.0,PRESIDENT,TX,768.0,4105.0,SOMERVELL,4873.0,1,84.24,34.24,34.24,9.755000000000003,SOMERVELL,TX
3142,2020,48427.0,PRESIDENT,TX,9123.0,8247.0,STARR,17370.0,0,52.52,2.52,-2.52,12.35,STARR,TX
3148,2020,48429.0,PRESIDENT,TX,397.0,3385.0,STEPHENS,3782.0,1,89.5,39.5,39.5,12.16,STEPHENS,TX
3154,2020,48431.0,PRESIDENT,TX,51.0,584.0,STERLING,635.0,1,91.97,41.97,41.97,6.224999999999998,STERLING,TX
3160,2020,48433.0,PRESIDENT,TX,116.0,615.0,STONEWALL,731.0,1,84.13,34.13,34.13,17.58,STONEWALL,TX
3166,2020,48435.0,PRESIDENT,TX,322.0,1222.0,SUTTON,1544.0,1,79.15,29.15,29.15,4.800000000000001,SUTTON,TX
3172,2020,48437.0,PRESIDENT,TX,478.0,1845.0,SWISHER,2323.0,1,79.42,29.42,29.42,11.035,SWISHER,TX
3178,2020,48439.0,PRESIDENT,TX,411567.0,409741.0,TARRANT,821308.0,0,50.11,0.11,-0.11,10.315,TARRANT,TX
3184,2020,48441.0,PRESIDENT,TX,14588.0,39547.0,TAYLOR,54135.0,1,73.05,23.05,23.05,3.1549999999999994,TAYLOR,TX
3190,2020,48443.0,PRESIDENT,TX,119.0,334.0,TERRELL,453.0,1,73.73,23.73,23.73,11.305,TERRELL,TX
3196,2020,48445.0,PRESIDENT,TX,757.0,2812.0,TERRY,3569.0,1,78.79,28.79,28.79,2.6499999999999986,TERRY,TX
3202,2020,48447.0,PRESIDENT,TX,82.0,806.0,THROCKMORTON,888.0,1,90.77,40.77,40.77,15.535000000000002,THROCKMORTON,TX
3208,2020,48449.0,PRESIDENT,TX,2856.0,7570.0,TITUS,10426.0,1,72.61,22.61,22.61,8.704999999999998,TITUS,TX
3214,2020,48451.0,PRESIDENT,TX,12239.0,32313.0,TOM GREEN,44552.0,1,72.53,22.53,22.53,2.7650000000000006,TOM GREEN,TX
3220,2020,48453.0,PRESIDENT,TX,435860.0,161337.0,TRAVIS,597197.0,0,72.98,22.98,-22.98,19.78,TRAVIS,TX
3226,2020,48455.0,PRESIDENT,TX,1323.0,5579.0,TRINITY,6902.0,1,80.83,30.83,30.83,18.884999999999998,TRINITY,TX
3232,2020,48457.0,PRESIDENT,TX,1403.0,8194.0,TYLER,9597.0,1,85.38,35.38,35.38,21.814999999999998,TYLER,TX
3238,2020,48459.0,PRESIDENT,TX,2877.0,15809.0,UPSHUR,18686.0,1,84.6,34.6,34.6,15.825,UPSHUR,TX
3244,2020,48461.0,PRESIDENT,TX,170.0,1178.0,UPTON,1348.0,1,87.39,37.39,37.39,1.8450000000000024,UPTON,TX
3250,2020,48463.0,PRESIDENT,TX,4073.0,6174.0,UVALDE,10247.0,1,60.25,10.25,10.25,1.85,UVALDE,TX
3256,2020,48465.0,PRESIDENT,TX,6771.0,8284.0,VAL VERDE,15055.0,1,55.02,5.02,5.02,6.88,VAL VERDE,TX
3262,2020,48467.0,PRESIDENT,TX,3516.0,22270.0,VAN ZANDT,25786.0,1,86.36,36.36,36.36,13.655000000000001,VAN ZANDT,TX
3268,2020,48469.0,PRESIDENT,TX,10380.0,23358.0,VICTORIA,33738.0,1,69.23,19.23,19.23,1.3049999999999997,VICTORIA,TX
3274,2020,48471.0,PRESIDENT,TX,7884.0,15375.0,WALKER,23259.0,1,66.1,16.1,16.1,1.634999999999999,WALKER,TX
3280,2020,48473.0,PRESIDENT,TX,8191.0,14260.0,WALLER,22451.0,1,63.52,13.52,13.52,9.84,WALLER,TX
3286,2020,48475.0,PRESIDENT,TX,764.0,3241.0,WARD,4005.0,1,80.92,30.92,30.92,7.265000000000001,WARD,TX
3292,2020,48477.0,PRESIDENT,TX,4261.0,12959.0,WASHINGTON,17220.0,1,75.26,25.26,25.26,1.745000000000001,WASHINGTON,TX
3298,2020,48479.0,PRESIDENT,TX,41820.0,25898.0,WEBB,67718.0,0,61.76,11.76,-11.76,11.56,WEBB,TX
3304,2020,48481.0,PRESIDENT,TX,4694.0,11926.0,WHARTON,16620.0,1,71.76,21.76,21.76,6.155,WHARTON,TX
3310,2020,48483.0,PRESIDENT,TX,168.0,2159.0,WHEELER,2327.0,1,92.78,42.78,42.78,13.195,WHEELER,TX
3316,2020,48485.0,PRESIDENT,TX,13161.0,32069.0,WICHITA,45230.0,1,70.9,20.9,20.9,5.1850000000000005,WICHITA,TX
3322,2020,48487.0,PRESIDENT,TX,956.0,3524.0,WILBARGER,4480.0,1,78.66,28.66,28.66,7.16,WILBARGER,TX
3328,2020,48489.0,PRESIDENT,TX,3108.0,2441.0,WILLACY,5549.0,0,56.01,6.01,-6.01,2.650000000000001,WILLACY,TX
3334,2020,48491.0,PRESIDENT,TX,143795.0,139729.0,WILLIAMSON,283524.0,0,50.72,0.72,-0.72,16.185000000000002,WILLIAMSON,TX
3340,2020,48493.0,PRESIDENT,TX,6350.0,18463.0,WILSON,24813.0,1,74.41,24.41,24.41,6.715000000000001,WILSON,TX
3346,2020,48495.0,PRESIDENT,TX,358.0,1753.0,WINKLER,2111.0,1,83.04,33.04,33.04,3.535,WINKLER,TX
3352,2020,48497.0,PRESIDENT,TX,4973.0,27032.0,WISE,32005.0,1,84.46,34.46,34.46,12.16,WISE,TX
3358,2020,48499.0,PRESIDENT,TX,3509.0,19049.0,WOOD,22558.0,1,84.44,34.44,34.44,11.209999999999999,WOOD,TX
3364,2020,48501.0,PRESIDENT,TX,420.0,2174.0,YOAKUM,2594.0,1,83.81,33.81,33.81,2.164999999999999,YOAKUM,TX
3370,2020,48503.0,PRESIDENT,TX,1034.0,7110.0,YOUNG,8144.0,1,87.3,37.3,37.3,11.445,YOUNG,TX
3376,2020,48505.0,PRESIDENT,TX,1826.0,2033.0,ZAPATA,3859.0,1,52.68,2.68,2.68,6.844999999999999,ZAPATA,TX
3382,2020,48507.0,PRESIDENT,TX,2864.0,1490.0,ZAVALA,4354.0,0,65.78,15.78,-15.78,5.3450000000000015,ZAVALA,TX
